CUSTOMER,SEQUENCE,CUSTOMER_NAME,Division,ORDER_,DESPATCH_,ORDER_LINE,ITEM,DESCRIPTION,QTY,Item_Weight,Total_Weight,Item_Type,Item_Class,Destination_Country,LONG_DANGEROUS_CODE,COMMITED_DATE,EXPECTED_DATE,REQUESTED_SHIP_BY_DATE,CUSTOMER_REQUESTED_DATE,REQUESTED_DATE,CREATION_TIME,RP_STATUS_TIME,PP_STATUS_TIME,PC_Status_Time,CP_Status_Time,CO_Status_Time,ALLOCATION_TIME,PICK_LIST_PRINTED_TIME,STATUS,STOCKROOM,Time_Zone_Hours,CRITICALITY,Carrier,Dispatch_method,Customer_Reference,Terms_of_Delivery,PACKING,Fiscal_Document_Type,Tax_Engine_Status,Pre_Carriage_Load_ID,Main_Carriage_Load_ID,LATE_SHIP_DATE,LATE_SHIP_TIME,End_User_Name
DRP40,001,CONTINENTAL GOLD LIMITED SUCURSAL C,PARTSERV            ,0045628,00,19,88601349,SAFETY CARTRIDGE                    ,2.00,0.360,0.720,P,DR,,,yyyy-MM-dd,yyyy-MM-dd,yyyy-MM-dd,yyyy-MM-dd,2026-04-10,2026-04-10 12:09:32,,,,,,2026-04-10 12:11:33,2026-04-10 12:11:34,PP,01,-6:00,3,,,,CIP,,,,,,,00:00:00,CONTINENTAL GOLD LIMITED SUCURSAL C
DRP40,001,CONTINENTAL GOLD LIMITED SUCURSAL C,PARTSERV            ,0045628,00,22,BG00738866,MAINTENANCE KIT LH410 250H          ,1.00,10.553,10.553,K,LT,,,yyyy-MM-dd,yyyy-MM-dd,yyyy-MM-dd,yyyy-MM-dd,2026-04-10,2026-04-10 12:09:32,,,,,,2026-04-10 12:11:33,2026-04-10 12:11:34,PP,01,-6:00,3,,,,CIP,,,,,,,00:00:00,CONTINENTAL GOLD LIMITED SUCURSAL C
DRP40,001,CONTINENTAL GOLD LIMITED SUCURSAL C,PARTSERV            ,0045628,00,24,BG00955611,MAINTENANCE KIT TH430 1000H         ,1.00,16.687,16.687,K,LT,,,yyyy-MM-dd,yyyy-MM-dd,yyyy-MM-dd,yyyy-MM-dd,2026-04-10,2026-04-10 12:09:32,,,,,,2026-04-10 12:11:33,2026-04-10 12:11:34,PP,01,-6:00,3,,,,CIP,,,,,,,00:00:00,CONTINENTAL GOLD LIMITED SUCURSAL C
DRP40,001,CONTINENTAL GOLD LIMITED SUCURSAL C,PARTSERV            ,0045628,00,7,56011846,DRYER                               ,1.00,1.240,1.240,P,LT,,,yyyy-MM-dd,yyyy-MM-dd,yyyy-MM-dd,yyyy-MM-dd,2026-04-10,2026-04-10 12:09:31,,,,,,2026-04-10 12:11:32,2026-04-10 12:11:34,PP,01,-6:00,3,,,,CIP,,,,,,,00:00:00,CONTINENTAL GOLD LIMITED SUCURSAL C
DRP40,001,CONTINENTAL GOLD LIMITED SUCURSAL C,PARTSERV            ,0045628,00,9,56049465,V-BELT                              ,1.00,0.180,0.180,P,LT,,,yyyy-MM-dd,yyyy-MM-dd,yyyy-MM-dd,yyyy-MM-dd,2026-04-10,2026-04-10 12:09:31,,,,,,2026-04-10 12:11:32,2026-04-10 12:11:34,PP,01,-6:00,3,,,,CIP,,,,,,,00:00:00,CONTINENTAL GOLD LIMITED SUCURSAL C
DRP40,001,CONTINENTAL GOLD LIMITED SUCURSAL C,PARTSERV            ,0045628,00,10,56049719,BELT                                ,1.00,0.290,0.290,P,LT,,,yyyy-MM-dd,yyyy-MM-dd,yyyy-MM-dd,yyyy-MM-dd,2026-04-10,2026-04-10 12:09:31,,,,,,2026-04-10 12:11:32,2026-04-10 12:11:34,PP,01,-6:00,3,,,,CIP,,,,,,,00:00:00,CONTINENTAL GOLD LIMITED SUCURSAL C
DRP40,001,CONTINENTAL GOLD LIMITED SUCURSAL C,PARTSERV            ,0045628,00,11,56209700,LIGHT                               ,5.00,1.310,6.550,P,LT,,,yyyy-MM-dd,yyyy-MM-dd,yyyy-MM-dd,yyyy-MM-dd,2026-04-10,2026-04-10 12:09:31,,,,,,2026-04-10 12:11:32,2026-04-10 12:11:34,PP,01,-6:00,3,,,,CIP,,,,,,,00:00:00,CONTINENTAL GOLD LIMITED SUCURSAL C
DRP40,001,CONTINENTAL GOLD LIMITED SUCURSAL C,PARTSERV            ,0045628,00,13,77007055,FILTER ELEMENT                      ,2.00,0.850,1.700,P,DS,,,yyyy-MM-dd,yyyy-MM-dd,yyyy-MM-dd,yyyy-MM-dd,2026-04-10,2026-04-10 12:09:31,,,,,,2026-04-10 12:11:32,2026-04-10 12:11:34,PP,01,-6:00,3,,,,CIP,,,,,,,00:00:00,CONTINENTAL GOLD LIMITED SUCURSAL C
DRP40,001,CONTINENTAL GOLD LIMITED SUCURSAL C,PARTSERV            ,0045628,00,14,77007056,SAFETY CARTRIDGE                    ,2.00,0.280,0.560,P,DS,,,yyyy-MM-dd,yyyy-MM-dd,yyyy-MM-dd,yyyy-MM-dd,2026-04-10,2026-04-10 12:09:31,,,,,,2026-04-10 12:11:33,2026-04-10 12:11:34,PP,01,-6:00,3,,,,CIP,,,,,,,00:00:00,CONTINENTAL GOLD LIMITED SUCURSAL C
DRP40,001,CONTINENTAL GOLD LIMITED SUCURSAL C,PARTSERV            ,0045628,00,15,77018308,FUEL CARTRIDGE                      ,1.00,0.630,0.630,P,DS,,,yyyy-MM-dd,yyyy-MM-dd,yyyy-MM-dd,yyyy-MM-dd,2026-04-10,2026-04-10 12:09:31,,,,,,2026-04-10 12:11:33,2026-04-10 12:11:34,PP,01,-6:00,3,,,,CIP,,,,,,,00:00:00,CONTINENTAL GOLD LIMITED SUCURSAL C
DRP40,001,CONTINENTAL GOLD LIMITED SUCURSAL C,PARTSERV            ,0045628,00,18,88601219,MAIN FILTER CARTRIDGE               ,2.00,1.110,2.220,P,DR,,,yyyy-MM-dd,yyyy-MM-dd,yyyy-MM-dd,yyyy-MM-dd,2026-04-10,2026-04-10 12:09:31,,,,,,2026-04-10 12:11:33,2026-04-10 12:11:34,PP,01,-6:00,3,,,,CIP,,,,,,,00:00:00,CONTINENTAL GOLD LIMITED SUCURSAL C
DRP40,001,CONTINENTAL GOLD LIMITED SUCURSAL C,PARTSERV            ,0045628,00,1,04701244,OIL FILTER                          ,1.00,0.800,0.800,P,LT,,,yyyy-MM-dd,yyyy-MM-dd,yyyy-MM-dd,yyyy-MM-dd,2026-04-10,2026-04-10 12:09:30,,,,,,2026-04-10 12:11:30,2026-04-10 12:11:34,PP,01,-6:00,3,,,,CIP,,,,,,,00:00:00,CONTINENTAL GOLD LIMITED SUCURSAL C
DRP40,001,CONTINENTAL GOLD LIMITED SUCURSAL C,PARTSERV            ,0045628,00,2,15274408,"BEARING BUSHING, FRONT COVER        ",3.00,0.400,1.200,P,DR,,,yyyy-MM-dd,yyyy-MM-dd,yyyy-MM-dd,yyyy-MM-dd,2026-04-10,2026-04-10 12:09:30,,,,,,2026-04-10 12:11:30,2026-04-10 12:11:34,PP,01,-6:00,3,,,,CIP,,,,,,,00:00:00,CONTINENTAL GOLD LIMITED SUCURSAL C
DRP40,001,CONTINENTAL GOLD LIMITED SUCURSAL C,PARTSERV            ,0045628,00,3,55066836,PISTON ROD GUIDE RING               ,5.00,0.004,0.020,P,DR,,,yyyy-MM-dd,yyyy-MM-dd,yyyy-MM-dd,yyyy-MM-dd,2026-04-10,2026-04-10 12:09:30,,,,,,2026-04-10 12:11:31,2026-04-10 12:11:34,PP,01,-6:00,3,,,,CIP,,,,,,,00:00:00,CONTINENTAL GOLD LIMITED SUCURSAL C
DRP40,001,CONTINENTAL GOLD LIMITED SUCURSAL C,PARTSERV            ,0045628,00,4,55071773,"FILTER ELEMENT, AIR                 ",3.00,0.300,0.900,P,DR,,,yyyy-MM-dd,yyyy-MM-dd,yyyy-MM-dd,yyyy-MM-dd,2026-04-10,2026-04-10 12:09:30,,,,,,2026-04-10 12:11:31,2026-04-10 12:11:34,PP,01,-6:00,3,,,,CIP,,,,,,,00:00:00,CONTINENTAL GOLD LIMITED SUCURSAL C
DRP40,001,CONTINENTAL GOLD LIMITED SUCURSAL C,PARTSERV            ,0045628,00,5,55071791,FILTER                              ,3.00,0.120,0.360,P,DR,,,yyyy-MM-dd,yyyy-MM-dd,yyyy-MM-dd,yyyy-MM-dd,2026-04-10,2026-04-10 12:09:30,,,,,,2026-04-10 12:11:31,2026-04-10 12:11:34,PP,01,-6:00,3,,,,CIP,,,,,,,00:00:00,CONTINENTAL GOLD LIMITED SUCURSAL C
DRP40,001,CONTINENTAL GOLD LIMITED SUCURSAL C,PARTSERV            ,0045628,00,6,56002691,COMPRESSOR                          ,2.00,5.410,10.820,C,LT,,,yyyy-MM-dd,yyyy-MM-dd,yyyy-MM-dd,yyyy-MM-dd,2026-04-10,2026-04-10 12:09:30,,,,,,2026-04-10 12:11:32,2026-04-10 12:11:34,PP,01,-6:00,3,,,,CIP,,,,,,,00:00:00,CONTINENTAL GOLD LIMITED SUCURSAL C
DRPAM,001,ARIS MINING MARMATO SAS            ,PARTSERV            ,0045626,00,10,56206091,FILTER ELEMENT                      ,1.00,0.340,0.340,P,LT,,,yyyy-MM-dd,yyyy-MM-dd,yyyy-MM-dd,yyyy-MM-dd,2026-04-10,2026-04-10 11:09:54,,,,,,2026-04-10 11:10:36,2026-04-10 11:10:37,PP,01,-6:00,3,,,,CPT,,,,,,,00:00:00,ARIS MINING MARMATO SAS            
DRPAM,001,ARIS MINING MARMATO SAS            ,PARTSERV            ,0045626,00,11,71199602,FUEL FILTER                         ,2.00,0.400,0.800,P,DS,,,yyyy-MM-dd,yyyy-MM-dd,yyyy-MM-dd,yyyy-MM-dd,2026-04-10,2026-04-10 11:09:54,,,,,,2026-04-10 11:10:36,2026-04-10 11:10:37,PP,01,-6:00,3,,,,CPT,,,,,,,00:00:00,ARIS MINING MARMATO SAS            
DRPAM,001,ARIS MINING MARMATO SAS            ,PARTSERV            ,0045626,00,12,BG00208795,"ELEMENT, FILTER                     ",1.00,0.200,0.200,P,LT,,,yyyy-MM-dd,yyyy-MM-dd,yyyy-MM-dd,yyyy-MM-dd,2026-04-10,2026-04-10 11:09:54,,,,,,2026-04-10 11:10:36,2026-04-10 11:10:37,PP,01,-6:00,3,,,,CPT,,,,,,,00:00:00,ARIS MINING MARMATO SAS            
DRPAM,001,ARIS MINING MARMATO SAS            ,PARTSERV            ,0045626,00,13,BG00378271,BELT                                ,1.00,0.260,0.260,P,DR,,,yyyy-MM-dd,yyyy-MM-dd,yyyy-MM-dd,yyyy-MM-dd,2026-04-10,2026-04-10 11:09:54,,,,,,2026-04-10 11:10:36,2026-04-10 11:10:37,PP,01,-6:00,3,,,,CPT,,,,,,,00:00:00,ARIS MINING MARMATO SAS            
DRPAM,001,ARIS MINING MARMATO SAS            ,PARTSERV            ,0045626,00,14,BG00378272,OIL FILTER                          ,2.00,0.540,1.080,P,LT,,,yyyy-MM-dd,yyyy-MM-dd,yyyy-MM-dd,yyyy-MM-dd,2026-04-10,2026-04-10 11:09:54,,,,,,2026-04-10 11:10:36,2026-04-10 11:10:37,PP,01,-6:00,3,,,,CPT,,,,,,,00:00:00,ARIS MINING MARMATO SAS            
DRPAM,001,ARIS MINING MARMATO SAS            ,PARTSERV            ,0045626,00,15,BG00726621,"FILTER, BREATHER                    ",1.00,0.030,0.030,P,LT,,,yyyy-MM-dd,yyyy-MM-dd,yyyy-MM-dd,yyyy-MM-dd,2026-04-10,2026-04-10 11:09:54,,,,,,2026-04-10 11:10:36,2026-04-10 11:10:37,PP,01,-6:00,3,,,,CPT,,,,,,,00:00:00,ARIS MINING MARMATO SAS            
DRPAM,001,ARIS MINING MARMATO SAS            ,PARTSERV            ,0045626,00,16,BG00736562,FILTER ELEMENT  T-TEXT!             ,2.00,0.550,1.100,P,LT,,,yyyy-MM-dd,yyyy-MM-dd,yyyy-MM-dd,yyyy-MM-dd,2026-04-10,2026-04-10 11:09:54,,,,,,2026-04-10 11:10:36,2026-04-10 11:10:37,PP,01,-6:00,3,,,,CPT,,,,,,,00:00:00,ARIS MINING MARMATO SAS            
DRPAM,001,ARIS MINING MARMATO SAS            ,PARTSERV            ,0045626,00,17,BG01499918,"FILTER ELEMENT, RETURN              ",2.00,1.270,2.540,P,LT,,,yyyy-MM-dd,yyyy-MM-dd,yyyy-MM-dd,yyyy-MM-dd,2026-04-10,2026-04-10 11:09:54,,,,,,2026-04-10 11:10:37,2026-04-10 11:10:37,PP,01,-6:00,3,,,,CPT,,,,,,,00:00:00,ARIS MINING MARMATO SAS            
DRPAM,001,ARIS MINING MARMATO SAS            ,PARTSERV            ,0045626,00,18,BG01572922,SEAL KIT                            ,1.00,0.020,0.020,P,LT,,,yyyy-MM-dd,yyyy-MM-dd,yyyy-MM-dd,yyyy-MM-dd,2026-04-10,2026-04-10 11:09:54,,,,,,2026-04-10 11:10:37,2026-04-10 11:10:37,PP,01,-6:00,3,,,,CPT,,,,,,,00:00:00,ARIS MINING MARMATO SAS            
DRPAM,001,ARIS MINING MARMATO SAS            ,PARTSERV            ,0045626,00,19,BG01572935,SEAL KIT                            ,2.00,0.020,0.040,P,LT,,,yyyy-MM-dd,yyyy-MM-dd,yyyy-MM-dd,yyyy-MM-dd,2026-04-10,2026-04-10 11:09:54,,,,,,2026-04-10 11:10:37,2026-04-10 11:10:37,PP,01,-6:00,3,,,,CPT,,,,,,,00:00:00,ARIS MINING MARMATO SAS            
DRPAM,001,ARIS MINING MARMATO SAS            ,PARTSERV            ,0045626,00,20,BG01681478,FILTER ELEMENT                      ,3.00,0.250,0.750,P,DR,,,yyyy-MM-dd,yyyy-MM-dd,yyyy-MM-dd,yyyy-MM-dd,2026-04-10,2026-04-10 11:09:54,,,,,,2026-04-10 11:10:37,2026-04-10 11:10:37,PP,01,-6:00,3,,,,CPT,,,,,,,00:00:00,ARIS MINING MARMATO SAS            
DRPAM,001,ARIS MINING MARMATO SAS            ,PARTSERV            ,0045626,00,21,BG01830480,FILTER ELEMENT                      ,2.00,0.320,0.640,P,LT,,,yyyy-MM-dd,yyyy-MM-dd,yyyy-MM-dd,yyyy-MM-dd,2026-04-10,2026-04-10 11:09:54,,,,,,2026-04-10 11:10:37,2026-04-10 11:10:37,PP,01,-6:00,3,,,,CPT,,,,,,,00:00:00,ARIS MINING MARMATO SAS            
DRPAM,001,ARIS MINING MARMATO SAS            ,PARTSERV            ,0045626,00,22,BG01846003,FILTER ELEMENT                      ,1.00,0.310,0.310,P,LT,,,yyyy-MM-dd,yyyy-MM-dd,yyyy-MM-dd,yyyy-MM-dd,2026-04-10,2026-04-10 11:09:54,,,,,,2026-04-10 11:10:37,2026-04-10 11:10:37,PP,01,-6:00,3,,,,CPT,,,,,,,00:00:00,ARIS MINING MARMATO SAS            
DRPAM,001,ARIS MINING MARMATO SAS            ,PARTSERV            ,0045626,00,1,04701244,OIL FILTER                          ,2.00,0.800,1.600,P,LT,,,yyyy-MM-dd,yyyy-MM-dd,yyyy-MM-dd,yyyy-MM-dd,2026-04-10,2026-04-10 11:09:53,,,,,,2026-04-10 11:10:35,2026-04-10 11:10:37,PP,01,-6:00,3,,,,CPT,,,,,,,00:00:00,ARIS MINING MARMATO SAS            
DRPAM,001,ARIS MINING MARMATO SAS            ,PARTSERV            ,0045626,00,2,55027766,FILTER                              ,2.00,0.340,0.680,P,LT,,,yyyy-MM-dd,yyyy-MM-dd,yyyy-MM-dd,yyyy-MM-dd,2026-04-10,2026-04-10 11:09:53,,,,,,2026-04-10 11:10:35,2026-04-10 11:10:37,PP,01,-6:00,3,,,,CPT,,,,,,,00:00:00,ARIS MINING MARMATO SAS            
DRPAM,001,ARIS MINING MARMATO SAS            ,PARTSERV            ,0045626,00,3,55027767,FILTER                              ,2.00,0.050,0.100,P,LT,,,yyyy-MM-dd,yyyy-MM-dd,yyyy-MM-dd,yyyy-MM-dd,2026-04-10,2026-04-10 11:09:53,,,,,,2026-04-10 11:10:35,2026-04-10 11:10:37,PP,01,-6:00,3,,,,CPT,,,,,,,00:00:00,ARIS MINING MARMATO SAS            
DRPAM,001,ARIS MINING MARMATO SAS            ,PARTSERV            ,0045626,00,4,55051165,FILTER ELEMENT                      ,3.00,0.970,2.910,P,DR,,,yyyy-MM-dd,yyyy-MM-dd,yyyy-MM-dd,yyyy-MM-dd,2026-04-10,2026-04-10 11:09:53,,,,,,2026-04-10 11:10:35,2026-04-10 11:10:37,PP,01,-6:00,3,,,,CPT,,,,,,,00:00:00,ARIS MINING MARMATO SAS            
DRPAM,001,ARIS MINING MARMATO SAS            ,PARTSERV            ,0045626,00,5,55089266,FILTER ELEMENT                      ,2.00,1.630,3.260,P,DR,,,yyyy-MM-dd,yyyy-MM-dd,yyyy-MM-dd,yyyy-MM-dd,2026-04-10,2026-04-10 11:09:53,,,,,,2026-04-10 11:10:35,2026-04-10 11:10:37,PP,01,-6:00,3,,,,CPT,,,,,,,00:00:00,ARIS MINING MARMATO SAS            
DRPAM,001,ARIS MINING MARMATO SAS            ,PARTSERV            ,0045626,00,6,55089271,SAFETY CARTRIDGE                    ,2.00,0.340,0.680,P,DR,,,yyyy-MM-dd,yyyy-MM-dd,yyyy-MM-dd,yyyy-MM-dd,2026-04-10,2026-04-10 11:09:53,,,,,,2026-04-10 11:10:35,2026-04-10 11:10:37,PP,01,-6:00,3,,,,CPT,,,,,,,00:00:00,ARIS MINING MARMATO SAS            
DRPAM,001,ARIS MINING MARMATO SAS            ,PARTSERV            ,0045626,00,7,55199068,FILTER                              ,1.00,0.160,0.160,P,DR,,,yyyy-MM-dd,yyyy-MM-dd,yyyy-MM-dd,yyyy-MM-dd,2026-04-10,2026-04-10 11:09:53,,,,,,2026-04-10 11:10:35,2026-04-10 11:10:37,PP,01,-6:00,3,,,,CPT,,,,,,,00:00:00,ARIS MINING MARMATO SAS            
DRPAM,001,ARIS MINING MARMATO SAS            ,PARTSERV            ,0045626,00,8,56040821,FILTER ELEMENT                      ,4.00,3.160,12.640,P,LT,,,yyyy-MM-dd,yyyy-MM-dd,yyyy-MM-dd,yyyy-MM-dd,2026-04-10,2026-04-10 11:09:53,,,,,,2026-04-10 11:10:36,2026-04-10 11:10:37,PP,01,-6:00,3,,,,CPT,,,,,,,00:00:00,ARIS MINING MARMATO SAS            
DRPAM,001,ARIS MINING MARMATO SAS            ,PARTSERV            ,0045626,00,9,56040822,SAFETY ELEMENT                      ,4.00,0.580,2.320,P,LT,,,yyyy-MM-dd,yyyy-MM-dd,yyyy-MM-dd,yyyy-MM-dd,2026-04-10,2026-04-10 11:09:53,,,,,,2026-04-10 11:10:36,2026-04-10 11:10:37,PP,01,-6:00,3,,,,CPT,,,,,,,00:00:00,ARIS MINING MARMATO SAS            
DRP39,001,OPERADORA MINERA SAS               ,PARTSERV            ,0045625,00,21,AF03000034,"WASHER, LOCK, DISC-LOCK             ",4.00,0.006,0.024,P,DR,,,yyyy-MM-dd,yyyy-MM-dd,yyyy-MM-dd,yyyy-MM-dd,2026-04-10,2026-04-10 10:20:07,,,,,,2026-04-10 10:20:58,2026-04-10 10:20:58,PP,01,-6:00,3,,,,CIP,,,,,,,00:00:00,OPERADORA MINERA SAS               
DRP39,001,OPERADORA MINERA SAS               ,PARTSERV            ,0045625,00,22,AF03000036,"WASHER, LOCK, PAIR                  ",2.00,0.006,0.012,P,DT,,,yyyy-MM-dd,yyyy-MM-dd,yyyy-MM-dd,yyyy-MM-dd,2026-04-10,2026-04-10 10:20:07,,,,,,2026-04-10 10:20:58,2026-04-10 10:20:58,PP,01,-6:00,3,,,,CIP,,,,,,,00:00:00,OPERADORA MINERA SAS               
DRP39,001,OPERADORA MINERA SAS               ,PARTSERV            ,0045625,00,23,BG00357245,"CARTRIDGE, SAFETY                   ",1.00,0.670,0.670,P,DR,,,yyyy-MM-dd,yyyy-MM-dd,yyyy-MM-dd,yyyy-MM-dd,2026-04-10,2026-04-10 10:20:07,,,,,,2026-04-10 10:20:58,2026-04-10 10:20:58,PP,01,-6:00,3,,,,CIP,,,,,,,00:00:00,OPERADORA MINERA SAS               
DRP39,001,OPERADORA MINERA SAS               ,PARTSERV            ,0045625,00,24,BG00357250,"ELEMENT, FILTER                     ",1.00,3.000,3.000,P,DR,,,yyyy-MM-dd,yyyy-MM-dd,yyyy-MM-dd,yyyy-MM-dd,2026-04-10,2026-04-10 10:20:07,,,,,,2026-04-10 10:20:58,2026-04-10 10:20:58,PP,01,-6:00,3,,,,CIP,,,,,,,00:00:00,OPERADORA MINERA SAS               
DRP39,001,OPERADORA MINERA SAS               ,PARTSERV            ,0045625,00,25,BG00780957,JOYSTICK                            ,1.00,0.980,0.980,P,LT,,,yyyy-MM-dd,yyyy-MM-dd,yyyy-MM-dd,yyyy-MM-dd,2026-04-10,2026-04-10 10:20:07,,,,,,2026-04-10 10:20:58,2026-04-10 10:20:58,PP,01,-6:00,3,,,,CIP,,,,,,,00:00:00,OPERADORA MINERA SAS               
DRP39,001,OPERADORA MINERA SAS               ,PARTSERV            ,0045625,00,28,BG01531499,MAINTENANCE KIT 250H                ,1.00,6.260,6.260,K,LT,,,yyyy-MM-dd,yyyy-MM-dd,yyyy-MM-dd,yyyy-MM-dd,2026-04-10,2026-04-10 10:20:07,,,,,,2026-04-10 10:20:58,2026-04-10 10:20:58,PP,01,-6:00,3,,,,CIP,,,,,,,00:00:00,OPERADORA MINERA SAS               
DRP39,001,OPERADORA MINERA SAS               ,PARTSERV            ,0045625,00,6,55158399,"TRANSMITTER, PRESSURE               ",1.00,0.130,0.130,P,LT,,,yyyy-MM-dd,yyyy-MM-dd,yyyy-MM-dd,yyyy-MM-dd,2026-04-10,2026-04-10 10:20:06,,,,,,2026-04-10 10:20:57,2026-04-10 10:20:58,PP,01,-6:00,3,,,,CIP,,,,,,,00:00:00,OPERADORA MINERA SAS               
DRP39,001,OPERADORA MINERA SAS               ,PARTSERV            ,0045625,00,7,56013070,EMERGENCY STOP BUTTON               ,1.00,0.320,0.320,P,LT,,,yyyy-MM-dd,yyyy-MM-dd,yyyy-MM-dd,yyyy-MM-dd,2026-04-10,2026-04-10 10:20:06,,,,,,2026-04-10 10:20:57,2026-04-10 10:20:58,PP,01,-6:00,3,,,,CIP,,,,,,,00:00:00,OPERADORA MINERA SAS               
DRP39,001,OPERADORA MINERA SAS               ,PARTSERV            ,0045625,00,8,56036989,"FILTER, FUEL                        ",2.00,0.520,1.040,P,LT,,,yyyy-MM-dd,yyyy-MM-dd,yyyy-MM-dd,yyyy-MM-dd,2026-04-10,2026-04-10 10:20:06,,,,,,2026-04-10 10:20:57,2026-04-10 10:20:58,PP,01,-6:00,3,,,,CIP,,,,,,,00:00:00,OPERADORA MINERA SAS               
DRP39,001,OPERADORA MINERA SAS               ,PARTSERV            ,0045625,01,9,56045594,"FILTER, FUEL                        ",1.00,1.220,1.220,P,LT,,,yyyy-MM-dd,yyyy-MM-dd,yyyy-MM-dd,yyyy-MM-dd,2026-04-10,2026-04-10 10:20:06,,,,,,2026-04-10 10:26:27,2026-04-10 10:26:28,PP,01,-6:00,3,,,,CIP,,,,,,,00:00:00,OPERADORA MINERA SAS               
DRP39,001,OPERADORA MINERA SAS               ,PARTSERV            ,0045625,01,10,88505119,STRAP                               ,4.00,0.025,0.100,P,DR,,,yyyy-MM-dd,yyyy-MM-dd,yyyy-MM-dd,yyyy-MM-dd,2026-04-10,2026-04-10 10:20:06,,,,,,2026-04-10 10:26:27,2026-04-10 10:26:28,PP,01,-6:00,3,,,,CIP,,,,,,,00:00:00,OPERADORA MINERA SAS               
DRP39,001,OPERADORA MINERA SAS               ,PARTSERV            ,0045625,01,11,88657749,RELAY                               ,1.00,0.020,0.020,P,DR,,,yyyy-MM-dd,yyyy-MM-dd,yyyy-MM-dd,yyyy-MM-dd,2026-04-10,2026-04-10 10:20:06,,,,,,2026-04-10 10:26:27,2026-04-10 10:26:28,PP,01,-6:00,3,,,,CIP,,,,,,,00:00:00,OPERADORA MINERA SAS               
DRP39,001,OPERADORA MINERA SAS               ,PARTSERV            ,0045625,01,12,AF00100524,"SCREW, HEXAGON HEAD, FULL THREAD    ",6.00,0.022,0.132,P,LT,,,yyyy-MM-dd,yyyy-MM-dd,yyyy-MM-dd,yyyy-MM-dd,2026-04-10,2026-04-10 10:20:06,,,,,,2026-04-10 10:26:27,2026-04-10 10:26:28,PP,01,-6:00,3,,,,CIP,,,,,,,00:00:00,OPERADORA MINERA SAS               
DRP39,001,OPERADORA MINERA SAS               ,PARTSERV            ,0045625,01,13,AF00100528,"SCREW, HEXAGON HEAD, FULL THREAD    ",10.00,0.026,0.260,P,LT,,,yyyy-MM-dd,yyyy-MM-dd,yyyy-MM-dd,yyyy-MM-dd,2026-04-10,2026-04-10 10:20:06,,,,,,2026-04-10 10:26:27,2026-04-10 10:26:28,PP,01,-6:00,3,,,,CIP,,,,,,,00:00:00,OPERADORA MINERA SAS               
DRP39,001,OPERADORA MINERA SAS               ,PARTSERV            ,0045625,01,14,AF00100765,"SCREW, HEXAGON HEAD, FULL THREAD    ",1.00,0.050,0.050,P,LT,,,yyyy-MM-dd,yyyy-MM-dd,yyyy-MM-dd,yyyy-MM-dd,2026-04-10,2026-04-10 10:20:06,,,,,,2026-04-10 10:26:27,2026-04-10 10:26:28,PP,01,-6:00,3,,,,CIP,,,,,,,00:00:00,OPERADORA MINERA SAS               
DRP39,001,OPERADORA MINERA SAS               ,PARTSERV            ,0045625,01,15,AF00101225,"SCREW, HEXAGON HEAD, PARTIAL THREA  ",12.00,0.140,1.680,P,DR,,,yyyy-MM-dd,yyyy-MM-dd,yyyy-MM-dd,yyyy-MM-dd,2026-04-10,2026-04-10 10:20:06,,,,,,2026-04-10 10:26:27,2026-04-10 10:26:28,PP,01,-6:00,3,,,,CIP,,,,,,,00:00:00,OPERADORA MINERA SAS               
DRP39,001,OPERADORA MINERA SAS               ,PARTSERV            ,0045625,01,16,AF02000008,"NUT, HEXAGON, PREVAILING TORQUE, A  ",8.00,0.036,0.288,P,DR,,,yyyy-MM-dd,yyyy-MM-dd,yyyy-MM-dd,yyyy-MM-dd,2026-04-10,2026-04-10 10:20:06,,,,,,2026-04-10 10:26:27,2026-04-10 10:26:28,PP,01,-6:00,3,,,,CIP,,,,,,,00:00:00,OPERADORA MINERA SAS               
DRP39,001,OPERADORA MINERA SAS               ,PARTSERV            ,0045625,01,17,AF02000009,"NUT, HEXAGON, PREVAILING TORQUE, A  ",2.00,0.060,0.120,P,DR,,,yyyy-MM-dd,yyyy-MM-dd,yyyy-MM-dd,yyyy-MM-dd,2026-04-10,2026-04-10 10:20:06,,,,,,2026-04-10 10:26:27,2026-04-10 10:26:28,PP,01,-6:00,3,,,,CIP,,,,,,,00:00:00,OPERADORA MINERA SAS               
DRP39,001,OPERADORA MINERA SAS               ,PARTSERV            ,0045625,01,18,AF03000030,"WASHER, LOCK, DISC-LOCK             ",2.00,0.002,0.004,P,DR,,,yyyy-MM-dd,yyyy-MM-dd,yyyy-MM-dd,yyyy-MM-dd,2026-04-10,2026-04-10 10:20:06,,,,,,2026-04-10 10:26:27,2026-04-10 10:26:28,PP,01,-6:00,3,,,,CIP,,,,,,,00:00:00,OPERADORA MINERA SAS               
DRP39,001,OPERADORA MINERA SAS               ,PARTSERV            ,0045625,01,19,AF03000031,"WASHER, LOCK, DISC-LOCK             ",9.00,0.001,0.009,P,DR,,,yyyy-MM-dd,yyyy-MM-dd,yyyy-MM-dd,yyyy-MM-dd,2026-04-10,2026-04-10 10:20:06,,,,,,2026-04-10 10:26:28,2026-04-10 10:26:28,PP,01,-6:00,3,,,,CIP,,,,,,,00:00:00,OPERADORA MINERA SAS               
DRP39,001,OPERADORA MINERA SAS               ,PARTSERV            ,0045625,01,20,AF03000032,"WASHER, LOCK, DISC-LOCK             ",2.00,0.001,0.002,P,DR,,,yyyy-MM-dd,yyyy-MM-dd,yyyy-MM-dd,yyyy-MM-dd,2026-04-10,2026-04-10 10:20:06,,,,,,2026-04-10 10:26:28,2026-04-10 10:26:28,PP,01,-6:00,3,,,,CIP,,,,,,,00:00:00,OPERADORA MINERA SAS               
DRP39,001,OPERADORA MINERA SAS               ,PARTSERV            ,0045625,00,1,20835308,PLATE                               ,4.00,0.109,0.436,P,DR,,,yyyy-MM-dd,yyyy-MM-dd,yyyy-MM-dd,yyyy-MM-dd,2026-04-10,2026-04-10 10:20:05,,,,,,2026-04-10 10:20:56,2026-04-10 10:20:58,PP,01,-6:00,3,,,,CIP,,,,,,,00:00:00,OPERADORA MINERA SAS               
DRP39,001,OPERADORA MINERA SAS               ,PARTSERV            ,0045625,00,2,55014900,HEXAGON HEAD BOLT (HALF THREAD)     ,2.00,0.200,0.400,P,DR,,,yyyy-MM-dd,yyyy-MM-dd,yyyy-MM-dd,yyyy-MM-dd,2026-04-10,2026-04-10 10:20:05,,,,,,2026-04-10 10:20:57,2026-04-10 10:20:58,PP,01,-6:00,3,,,,CIP,,,,,,,00:00:00,OPERADORA MINERA SAS               
DRP39,001,OPERADORA MINERA SAS               ,PARTSERV            ,0045625,00,3,55027766,FILTER                              ,1.00,0.340,0.340,P,LT,,,yyyy-MM-dd,yyyy-MM-dd,yyyy-MM-dd,yyyy-MM-dd,2026-04-10,2026-04-10 10:20:05,,,,,,2026-04-10 10:20:57,2026-04-10 10:20:58,PP,01,-6:00,3,,,,CIP,,,,,,,00:00:00,OPERADORA MINERA SAS               
DRP39,001,OPERADORA MINERA SAS               ,PARTSERV            ,0045625,00,4,55027767,FILTER                              ,1.00,0.050,0.050,P,LT,,,yyyy-MM-dd,yyyy-MM-dd,yyyy-MM-dd,yyyy-MM-dd,2026-04-10,2026-04-10 10:20:05,,,,,,2026-04-10 10:20:57,2026-04-10 10:20:58,PP,01,-6:00,3,,,,CIP,,,,,,,00:00:00,OPERADORA MINERA SAS               
DRP39,001,OPERADORA MINERA SAS               ,PARTSERV            ,0045625,00,5,55044377,LOCK NUT                            ,2.00,0.018,0.036,P,DR,,,yyyy-MM-dd,yyyy-MM-dd,yyyy-MM-dd,yyyy-MM-dd,2026-04-10,2026-04-10 10:20:05,,,,,,2026-04-10 10:20:57,2026-04-10 10:20:58,PP,01,-6:00,3,,,,CIP,,,,,,,00:00:00,OPERADORA MINERA SAS               
DRP15,001,ARIS MINING SEGOVIA                ,PARTSERV            ,0045624,00,39,BG01723817,"VALVE, CHARGING                     ",1.00,3.080,3.080,P,LT,,,yyyy-MM-dd,yyyy-MM-dd,yyyy-MM-dd,yyyy-MM-dd,2026-04-10,2026-04-10 10:06:09,,,,,,2026-04-10 10:10:00,2026-04-10 10:10:01,PP,01,-6:00,3,OT.TRANS,,,CIP,,,,,,,00:00:00,ARIS MINING SEGOVIA                
DRP15,001,ARIS MINING SEGOVIA                ,PARTSERV            ,0045624,00,40,BG01729106,MAINTENANCE KIT LH307 250H          ,1.00,6.110,6.110,K,LT,,,yyyy-MM-dd,yyyy-MM-dd,yyyy-MM-dd,yyyy-MM-dd,2026-04-10,2026-04-10 10:06:09,,,,,,2026-04-10 10:10:00,2026-04-10 10:10:01,PP,01,-6:00,3,OT.TRANS,,,CIP,,,,,,,00:00:00,ARIS MINING SEGOVIA                
DRP15,001,ARIS MINING SEGOVIA                ,PARTSERV            ,0045624,00,41,BG01729107,MAINTENANCE KIT LH307 500H          ,1.00,9.160,9.160,K,LT,,,yyyy-MM-dd,yyyy-MM-dd,yyyy-MM-dd,yyyy-MM-dd,2026-04-10,2026-04-10 10:06:09,,,,,,2026-04-10 10:10:00,2026-04-10 10:10:01,PP,01,-6:00,3,OT.TRANS,,,CIP,,,,,,,00:00:00,ARIS MINING SEGOVIA                
DRP15,001,ARIS MINING SEGOVIA                ,PARTSERV            ,0045624,00,42,BG01875403,MAINTENANCE KIT TH315 500H          ,2.00,10.450,20.900,K,LT,,,yyyy-MM-dd,yyyy-MM-dd,yyyy-MM-dd,yyyy-MM-dd,2026-04-10,2026-04-10 10:06:09,,,,,,2026-04-10 10:10:00,2026-04-10 10:10:01,PP,01,-6:00,3,OT.TRANS,,,CIP,,,,,,,00:00:00,ARIS MINING SEGOVIA                
DRP15,001,ARIS MINING SEGOVIA                ,PARTSERV            ,0045624,00,43,BG01892508,MAINTENANCE KIT 500H                ,2.00,12.403,24.806,K,LT,,,yyyy-MM-dd,yyyy-MM-dd,yyyy-MM-dd,yyyy-MM-dd,2026-04-10,2026-04-10 10:06:09,,,,,,2026-04-10 10:10:00,2026-04-10 10:10:01,PP,01,-6:00,3,OT.TRANS,,,CIP,,,,,,,00:00:00,ARIS MINING SEGOVIA                
DRP15,001,ARIS MINING SEGOVIA                ,PARTSERV            ,0045624,00,26,AF03000036,"WASHER, LOCK, PAIR                  ",10.00,0.006,0.060,P,DT,,,yyyy-MM-dd,yyyy-MM-dd,yyyy-MM-dd,yyyy-MM-dd,2026-04-10,2026-04-10 10:06:08,,,,,,2026-04-10 10:09:59,2026-04-10 10:10:01,PP,01,-6:00,3,OT.TRANS,,,CIP,,,,,,,00:00:00,ARIS MINING SEGOVIA                
DRP15,001,ARIS MINING SEGOVIA                ,PARTSERV            ,0045624,00,27,BG00208795,"ELEMENT, FILTER                     ",1.00,0.200,0.200,P,LT,,,yyyy-MM-dd,yyyy-MM-dd,yyyy-MM-dd,yyyy-MM-dd,2026-04-10,2026-04-10 10:06:08,,,,,,2026-04-10 10:09:59,2026-04-10 10:10:01,PP,01,-6:00,3,OT.TRANS,,,CIP,,,,,,,00:00:00,ARIS MINING SEGOVIA                
DRP15,001,ARIS MINING SEGOVIA                ,PARTSERV            ,0045624,00,28,BG00323815,OIL FILTER                          ,1.00,0.300,0.300,P,DR,,,yyyy-MM-dd,yyyy-MM-dd,yyyy-MM-dd,yyyy-MM-dd,2026-04-10,2026-04-10 10:06:08,,,,,,2026-04-10 10:09:59,2026-04-10 10:10:01,PP,01,-6:00,3,OT.TRANS,,,CIP,,,,,,,00:00:00,ARIS MINING SEGOVIA                
DRP15,001,ARIS MINING SEGOVIA                ,PARTSERV            ,0045624,00,29,BG00378271,BELT                                ,1.00,0.260,0.260,P,DR,,,yyyy-MM-dd,yyyy-MM-dd,yyyy-MM-dd,yyyy-MM-dd,2026-04-10,2026-04-10 10:06:08,,,,,,2026-04-10 10:09:59,2026-04-10 10:10:01,PP,01,-6:00,3,OT.TRANS,,,CIP,,,,,,,00:00:00,ARIS MINING SEGOVIA                
DRP15,001,ARIS MINING SEGOVIA                ,PARTSERV            ,0045624,00,30,BG00378272,OIL FILTER                          ,1.00,0.540,0.540,P,LT,,,yyyy-MM-dd,yyyy-MM-dd,yyyy-MM-dd,yyyy-MM-dd,2026-04-10,2026-04-10 10:06:08,,,,,,2026-04-10 10:09:59,2026-04-10 10:10:01,PP,01,-6:00,3,OT.TRANS,,,CIP,,,,,,,00:00:00,ARIS MINING SEGOVIA                
DRP15,001,ARIS MINING SEGOVIA                ,PARTSERV            ,0045624,00,31,BG00735897,AIR FILTER                          ,1.00,0.590,0.590,P,LT,,,yyyy-MM-dd,yyyy-MM-dd,yyyy-MM-dd,yyyy-MM-dd,2026-04-10,2026-04-10 10:06:08,,,,,,2026-04-10 10:09:59,2026-04-10 10:10:01,PP,01,-6:00,3,OT.TRANS,,,CIP,,,,,,,00:00:00,ARIS MINING SEGOVIA                
DRP15,001,ARIS MINING SEGOVIA                ,PARTSERV            ,0045624,00,32,BG00869556,FILTER ELEMENT                      ,1.00,4.200,4.200,P,LT,,,yyyy-MM-dd,yyyy-MM-dd,yyyy-MM-dd,yyyy-MM-dd,2026-04-10,2026-04-10 10:06:08,,,,,,2026-04-10 10:09:59,2026-04-10 10:10:01,PP,01,-6:00,3,OT.TRANS,,,CIP,,,,,,,00:00:00,ARIS MINING SEGOVIA                
DRP15,001,ARIS MINING SEGOVIA                ,PARTSERV            ,0045624,00,33,BG00990124,COMPRESSOR                          ,2.00,8.000,16.000,P,DR,,,yyyy-MM-dd,yyyy-MM-dd,yyyy-MM-dd,yyyy-MM-dd,2026-04-10,2026-04-10 10:06:08,,,,,,2026-04-10 10:09:59,2026-04-10 10:10:01,PP,01,-6:00,3,OT.TRANS,,,CIP,,,,,,,00:00:00,ARIS MINING SEGOVIA                
DRP15,001,ARIS MINING SEGOVIA                ,PARTSERV            ,0045624,00,34,BG01032891,FAN                                 ,1.00,6.500,6.500,P,LT,,,yyyy-MM-dd,yyyy-MM-dd,yyyy-MM-dd,yyyy-MM-dd,2026-04-10,2026-04-10 10:06:08,,,,,,2026-04-10 10:10:00,2026-04-10 10:10:01,PP,01,-6:00,3,OT.TRANS,,,CIP,,,,,,,00:00:00,ARIS MINING SEGOVIA                
DRP15,001,ARIS MINING SEGOVIA                ,PARTSERV            ,0045624,00,35,BG01071817,MAINTENANCE KIT TH315 500H          ,1.00,9.120,9.120,K,LT,,,yyyy-MM-dd,yyyy-MM-dd,yyyy-MM-dd,yyyy-MM-dd,2026-04-10,2026-04-10 10:06:08,,,,,,2026-04-10 10:10:00,2026-04-10 10:10:01,PP,01,-6:00,3,OT.TRANS,,,CIP,,,,,,,00:00:00,ARIS MINING SEGOVIA                
DRP15,001,ARIS MINING SEGOVIA                ,PARTSERV            ,0045624,00,36,BG01499918,"FILTER ELEMENT, RETURN              ",1.00,1.270,1.270,P,LT,,,yyyy-MM-dd,yyyy-MM-dd,yyyy-MM-dd,yyyy-MM-dd,2026-04-10,2026-04-10 10:06:08,,,,,,2026-04-10 10:10:00,2026-04-10 10:10:01,PP,01,-6:00,3,OT.TRANS,,,CIP,,,,,,,00:00:00,ARIS MINING SEGOVIA                
DRP15,001,ARIS MINING SEGOVIA                ,PARTSERV            ,0045624,00,37,BG01573154,MAINTENANCE KIT LH307 500H          ,1.00,9.556,9.556,K,LT,,,yyyy-MM-dd,yyyy-MM-dd,yyyy-MM-dd,yyyy-MM-dd,2026-04-10,2026-04-10 10:06:08,,,,,,2026-04-10 10:10:00,2026-04-10 10:10:01,PP,01,-6:00,3,OT.TRANS,,,CIP,,,,,,,00:00:00,ARIS MINING SEGOVIA                
DRP15,001,ARIS MINING SEGOVIA                ,PARTSERV            ,0045624,00,38,BG01583935,COMPRESSOR ASSEMBLY                 ,1.00,3.400,3.400,P,LT,,,yyyy-MM-dd,yyyy-MM-dd,yyyy-MM-dd,yyyy-MM-dd,2026-04-10,2026-04-10 10:06:08,,,,,,2026-04-10 10:10:00,2026-04-10 10:10:01,PP,01,-6:00,3,OT.TRANS,,,CIP,,,,,,,00:00:00,ARIS MINING SEGOVIA                
DRP15,001,ARIS MINING SEGOVIA                ,PARTSERV            ,0045624,00,13,56011846,DRYER                               ,3.00,1.240,3.720,P,LT,,,yyyy-MM-dd,yyyy-MM-dd,yyyy-MM-dd,yyyy-MM-dd,2026-04-10,2026-04-10 10:06:07,,,,,,2026-04-10 10:09:57,2026-04-10 10:10:01,PP,01,-6:00,3,OT.TRANS,,,CIP,,,,,,,00:00:00,ARIS MINING SEGOVIA                
DRP15,001,ARIS MINING SEGOVIA                ,PARTSERV            ,0045624,00,14,56014458,"SENSOR, TEMPERATURE                 ",1.00,0.070,0.070,P,LT,,,yyyy-MM-dd,yyyy-MM-dd,yyyy-MM-dd,yyyy-MM-dd,2026-04-10,2026-04-10 10:06:07,,,,,,2026-04-10 10:09:57,2026-04-10 10:10:01,PP,01,-6:00,3,OT.TRANS,,,CIP,,,,,,,00:00:00,ARIS MINING SEGOVIA                
DRP15,001,ARIS MINING SEGOVIA                ,PARTSERV            ,0045624,00,15,56024386,PRESSURE ACCUMULATOR *UNCHARGED*    ,1.00,37.200,37.200,P,LT,,,yyyy-MM-dd,yyyy-MM-dd,yyyy-MM-dd,yyyy-MM-dd,2026-04-10,2026-04-10 10:06:07,,,,,,2026-04-10 10:09:58,2026-04-10 10:10:01,PP,01,-6:00,3,OT.TRANS,,,CIP,,,,,,,00:00:00,ARIS MINING SEGOVIA                
DRP15,001,ARIS MINING SEGOVIA                ,PARTSERV            ,0045624,00,16,56039415,STOPPER                             ,2.00,1.740,3.480,P,LT,,,yyyy-MM-dd,yyyy-MM-dd,yyyy-MM-dd,yyyy-MM-dd,2026-04-10,2026-04-10 10:06:07,,,,,,2026-04-10 10:09:58,2026-04-10 10:10:01,PP,01,-6:00,3,OT.TRANS,,,CIP,,,,,,,00:00:00,ARIS MINING SEGOVIA                
DRP15,001,ARIS MINING SEGOVIA                ,PARTSERV            ,0045624,00,17,56040821,FILTER ELEMENT                      ,1.00,3.160,3.160,P,LT,,,yyyy-MM-dd,yyyy-MM-dd,yyyy-MM-dd,yyyy-MM-dd,2026-04-10,2026-04-10 10:06:07,,,,,,2026-04-10 10:09:58,2026-04-10 10:10:01,PP,01,-6:00,3,OT.TRANS,,,CIP,,,,,,,00:00:00,ARIS MINING SEGOVIA                
DRP15,001,ARIS MINING SEGOVIA                ,PARTSERV            ,0045624,00,18,56040822,SAFETY ELEMENT                      ,1.00,0.580,0.580,P,LT,,,yyyy-MM-dd,yyyy-MM-dd,yyyy-MM-dd,yyyy-MM-dd,2026-04-10,2026-04-10 10:06:07,,,,,,2026-04-10 10:09:58,2026-04-10 10:10:01,PP,01,-6:00,3,OT.TRANS,,,CIP,,,,,,,00:00:00,ARIS MINING SEGOVIA                
DRP15,001,ARIS MINING SEGOVIA                ,PARTSERV            ,0045624,00,20,56047178,"MOTOR, HYDRAULIC                    ",1.00,5.400,5.400,C,LT,,,yyyy-MM-dd,yyyy-MM-dd,yyyy-MM-dd,yyyy-MM-dd,2026-04-10,2026-04-10 10:06:07,,,,,,2026-04-10 10:09:58,2026-04-10 10:10:01,PP,01,-6:00,3,OT.TRANS,,,CIP,,,,,,,00:00:00,ARIS MINING SEGOVIA                
DRP15,001,ARIS MINING SEGOVIA                ,PARTSERV            ,0045624,00,21,56209865,FILTER                              ,9.00,0.180,1.620,P,LT,,,yyyy-MM-dd,yyyy-MM-dd,yyyy-MM-dd,yyyy-MM-dd,2026-04-10,2026-04-10 10:06:07,,,,,,2026-04-10 10:09:58,2026-04-10 10:10:01,PP,01,-6:00,3,OT.TRANS,,,CIP,,,,,,,00:00:00,ARIS MINING SEGOVIA                
DRP15,001,ARIS MINING SEGOVIA                ,PARTSERV            ,0045624,00,22,71199685,ENGINE OIL FILTER                   ,2.00,0.400,0.800,P,DS,,,yyyy-MM-dd,yyyy-MM-dd,yyyy-MM-dd,yyyy-MM-dd,2026-04-10,2026-04-10 10:06:07,,,,,,2026-04-10 10:09:58,2026-04-10 10:10:01,PP,01,-6:00,3,OT.TRANS,,,CIP,,,,,,,00:00:00,ARIS MINING SEGOVIA                
DRP15,001,ARIS MINING SEGOVIA                ,PARTSERV            ,0045624,00,23,87218939,U-SEAL                              ,6.00,0.012,0.072,P,DR,,,yyyy-MM-dd,yyyy-MM-dd,yyyy-MM-dd,yyyy-MM-dd,2026-04-10,2026-04-10 10:06:07,,,,,,2026-04-10 10:09:58,2026-04-10 10:10:01,PP,01,-6:00,3,OT.TRANS,,,CIP,,,,,,,00:00:00,ARIS MINING SEGOVIA                
DRP15,001,ARIS MINING SEGOVIA                ,PARTSERV            ,0045624,00,24,AF00101449,"SCREW, HEXAGON HEAD, PARTIAL THREAD ",5.00,0.410,2.050,P,DR,,,yyyy-MM-dd,yyyy-MM-dd,yyyy-MM-dd,yyyy-MM-dd,2026-04-10,2026-04-10 10:06:07,,,,,,2026-04-10 10:09:58,2026-04-10 10:10:01,PP,01,-6:00,3,OT.TRANS,,,CIP,,,,,,,00:00:00,ARIS MINING SEGOVIA                
DRP15,001,ARIS MINING SEGOVIA                ,PARTSERV            ,0045624,00,25,AF02000009,"NUT, HEXAGON, PREVAILING TORQUE, A  ",5.00,0.060,0.300,P,DR,,,yyyy-MM-dd,yyyy-MM-dd,yyyy-MM-dd,yyyy-MM-dd,2026-04-10,2026-04-10 10:06:07,,,,,,2026-04-10 10:09:59,2026-04-10 10:10:01,PP,01,-6:00,3,OT.TRANS,,,CIP,,,,,,,00:00:00,ARIS MINING SEGOVIA                
DRP15,001,ARIS MINING SEGOVIA                ,PARTSERV            ,0045624,00,2,04762159,ELASTIC MOUNTING ELEMENT            ,1.00,0.020,0.020,P,LT,,,yyyy-MM-dd,yyyy-MM-dd,yyyy-MM-dd,yyyy-MM-dd,2026-04-10,2026-04-10 10:06:06,,,,,,2026-04-10 10:09:56,2026-04-10 10:10:01,PP,01,-6:00,3,OT.TRANS,,,CIP,,,,,,,00:00:00,ARIS MINING SEGOVIA                
DRP15,001,ARIS MINING SEGOVIA                ,PARTSERV            ,0045624,00,3,33191231,"GUIDE PIECE,WHOLE                   ",4.00,1.920,7.680,P,DR,,,yyyy-MM-dd,yyyy-MM-dd,yyyy-MM-dd,yyyy-MM-dd,2026-04-10,2026-04-10 10:06:06,,,,,,2026-04-10 10:09:56,2026-04-10 10:10:01,PP,01,-6:00,3,OT.TRANS,,,CIP,,,,,,,00:00:00,ARIS MINING SEGOVIA                
DRP15,001,ARIS MINING SEGOVIA                ,PARTSERV            ,0045624,00,4,55027766,FILTER                              ,12.00,0.340,4.080,P,LT,,,yyyy-MM-dd,yyyy-MM-dd,yyyy-MM-dd,yyyy-MM-dd,2026-04-10,2026-04-10 10:06:06,,,,,,2026-04-10 10:09:56,2026-04-10 10:10:01,PP,01,-6:00,3,OT.TRANS,,,CIP,,,,,,,00:00:00,ARIS MINING SEGOVIA                
DRP15,001,ARIS MINING SEGOVIA                ,PARTSERV            ,0045624,00,5,55027767,FILTER                              ,6.00,0.050,0.300,P,LT,,,yyyy-MM-dd,yyyy-MM-dd,yyyy-MM-dd,yyyy-MM-dd,2026-04-10,2026-04-10 10:06:06,,,,,,2026-04-10 10:09:56,2026-04-10 10:10:01,PP,01,-6:00,3,OT.TRANS,,,CIP,,,,,,,00:00:00,ARIS MINING SEGOVIA                
DRP15,001,ARIS MINING SEGOVIA                ,PARTSERV            ,0045624,00,6,55029508,FILTER ELEMENT                      ,1.00,0.520,0.520,P,DR,,,yyyy-MM-dd,yyyy-MM-dd,yyyy-MM-dd,yyyy-MM-dd,2026-04-10,2026-04-10 10:06:06,,,,,,2026-04-10 10:09:57,2026-04-10 10:10:01,PP,01,-6:00,3,OT.TRANS,,,CIP,,,,,,,00:00:00,ARIS MINING SEGOVIA                
DRP15,001,ARIS MINING SEGOVIA                ,PARTSERV            ,0045624,00,7,55066836,PISTON ROD GUIDE RING               ,1.00,0.004,0.004,P,DR,,,yyyy-MM-dd,yyyy-MM-dd,yyyy-MM-dd,yyyy-MM-dd,2026-04-10,2026-04-10 10:06:06,,,,,,2026-04-10 10:09:57,2026-04-10 10:10:01,PP,01,-6:00,3,OT.TRANS,,,CIP,,,,,,,00:00:00,ARIS MINING SEGOVIA                
DRP15,001,ARIS MINING SEGOVIA                ,PARTSERV            ,0045624,00,8,55071773,"FILTER ELEMENT, AIR                 ",1.00,0.300,0.300,P,DR,,,yyyy-MM-dd,yyyy-MM-dd,yyyy-MM-dd,yyyy-MM-dd,2026-04-10,2026-04-10 10:06:06,,,,,,2026-04-10 10:09:57,2026-04-10 10:10:01,PP,01,-6:00,3,OT.TRANS,,,CIP,,,,,,,00:00:00,ARIS MINING SEGOVIA                
DRP15,001,ARIS MINING SEGOVIA                ,PARTSERV            ,0045624,00,9,55071791,FILTER                              ,1.00,0.120,0.120,P,DR,,,yyyy-MM-dd,yyyy-MM-dd,yyyy-MM-dd,yyyy-MM-dd,2026-04-10,2026-04-10 10:06:06,,,,,,2026-04-10 10:09:57,2026-04-10 10:10:01,PP,01,-6:00,3,OT.TRANS,,,CIP,,,,,,,00:00:00,ARIS MINING SEGOVIA                
DRP15,001,ARIS MINING SEGOVIA                ,PARTSERV            ,0045624,00,10,55158399,"TRANSMITTER, PRESSURE               ",1.00,0.130,0.130,P,LT,,,yyyy-MM-dd,yyyy-MM-dd,yyyy-MM-dd,yyyy-MM-dd,2026-04-10,2026-04-10 10:06:06,,,,,,2026-04-10 10:09:57,2026-04-10 10:10:01,PP,01,-6:00,3,OT.TRANS,,,CIP,,,,,,,00:00:00,ARIS MINING SEGOVIA                
DRP15,001,ARIS MINING SEGOVIA                ,PARTSERV            ,0045624,00,11,55180749,RELAY                               ,1.00,0.240,0.240,P,DR,,,yyyy-MM-dd,yyyy-MM-dd,yyyy-MM-dd,yyyy-MM-dd,2026-04-10,2026-04-10 10:06:06,,,,,,2026-04-10 10:09:57,2026-04-10 10:10:01,PP,01,-6:00,3,OT.TRANS,,,CIP,,,,,,,00:00:00,ARIS MINING SEGOVIA                
DRP15,001,ARIS MINING SEGOVIA                ,PARTSERV            ,0045624,00,12,55199068,FILTER                              ,1.00,0.160,0.160,P,DR,,,yyyy-MM-dd,yyyy-MM-dd,yyyy-MM-dd,yyyy-MM-dd,2026-04-10,2026-04-10 10:06:06,,,,,,2026-04-10 10:09:57,2026-04-10 10:10:01,PP,01,-6:00,3,OT.TRANS,,,CIP,,,,,,,00:00:00,ARIS MINING SEGOVIA                
00034,A02,MINERA EL ROBLE SA                 ,PARTSERV            ,0045614,00,1,77022447,SKID                                ,2.00,2.000,4.000,P,DS,,,yyyy-MM-dd,yyyy-MM-dd,yyyy-MM-dd,yyyy-MM-dd,2026-04-14,2026-04-09 12:31:46,,,,,,2026-04-10 13:01:23,2026-04-10 13:01:23,PP,01,-6:00,2,,,,CIP,,,,,,,00:00:00,MINERA EL ROBLE SA                 
00139,A02,CONTINENTAL GOLD LIMITED SUCURSAL C,PARTSERV            ,0045613,00,65,BG00699569,"HOSE, AIR                           ",1.00,1.520,1.520,P,LT,,,yyyy-MM-dd,yyyy-MM-dd,yyyy-MM-dd,yyyy-MM-dd,2026-04-15,2026-04-09 11:38:18,,,,,,2026-04-09 16:38:56,2026-04-09 16:38:57,PP,01,-6:00,2,,,,CIP,,,,,,,00:00:00,CONTINENTAL GOLD LIMITED SUCURSAL C
00139,A02,CONTINENTAL GOLD LIMITED SUCURSAL C,PARTSERV            ,0045613,00,72,BG00602884,HYDRAULIC MOTOR                     ,2.00,3.900,7.800,C,LT,,,yyyy-MM-dd,yyyy-MM-dd,yyyy-MM-dd,yyyy-MM-dd,2026-04-15,2026-04-09 11:38:18,,,,,,2026-04-09 16:38:56,2026-04-09 16:38:57,PP,01,-6:00,2,,,,CIP,,,,,,,00:00:00,CONTINENTAL GOLD LIMITED SUCURSAL C
00139,A02,CONTINENTAL GOLD LIMITED SUCURSAL C,PARTSERV            ,0045613,00,73,56037850,SENSOR                              ,2.00,0.220,0.440,P,LT,,,yyyy-MM-dd,yyyy-MM-dd,yyyy-MM-dd,yyyy-MM-dd,2026-04-15,2026-04-09 11:38:18,,,,,,2026-04-09 16:38:56,2026-04-09 16:38:57,PP,01,-6:00,2,,,,CIP,,,,,,,00:00:00,CONTINENTAL GOLD LIMITED SUCURSAL C
00139,A02,CONTINENTAL GOLD LIMITED SUCURSAL C,PARTSERV            ,0045613,00,75,BG00648693,PULLEY                              ,2.00,1.100,2.200,P,LT,,,yyyy-MM-dd,yyyy-MM-dd,yyyy-MM-dd,yyyy-MM-dd,2026-04-15,2026-04-09 11:38:18,,,,,,2026-04-09 16:38:57,2026-04-09 16:38:57,PP,01,-6:00,2,,,,CIP,,,,,,,00:00:00,CONTINENTAL GOLD LIMITED SUCURSAL C
00139,A02,CONTINENTAL GOLD LIMITED SUCURSAL C,PARTSERV            ,0045613,00,76,56017945,GLASS                               ,2.00,13.500,27.000,P,LT,,,yyyy-MM-dd,yyyy-MM-dd,yyyy-MM-dd,yyyy-MM-dd,2026-04-15,2026-04-09 11:38:18,,,,,,2026-04-09 16:38:57,2026-04-09 16:38:57,PP,01,-6:00,2,,,,CIP,,,,,,,00:00:00,CONTINENTAL GOLD LIMITED SUCURSAL C
00139,A02,CONTINENTAL GOLD LIMITED SUCURSAL C,PARTSERV            ,0045613,00,78,56044548,"SWITCH, LEVEL                       ",2.00,0.140,0.280,P,LT,,,yyyy-MM-dd,yyyy-MM-dd,yyyy-MM-dd,yyyy-MM-dd,2026-04-15,2026-04-09 11:38:18,,,,,,2026-04-09 16:38:57,2026-04-09 16:38:57,PP,01,-6:00,2,,,,CIP,,,,,,,00:00:00,CONTINENTAL GOLD LIMITED SUCURSAL C
00139,A02,CONTINENTAL GOLD LIMITED SUCURSAL C,PARTSERV            ,0045613,00,79,00864670,BUSHING                             ,2.00,0.840,1.680,P,LT,,,yyyy-MM-dd,yyyy-MM-dd,yyyy-MM-dd,yyyy-MM-dd,2026-04-15,2026-04-09 11:38:18,,,,,,2026-04-09 16:38:57,2026-04-09 16:38:57,PP,01,-6:00,2,,,,CIP,,,,,,,00:00:00,CONTINENTAL GOLD LIMITED SUCURSAL C
00139,A02,CONTINENTAL GOLD LIMITED SUCURSAL C,PARTSERV            ,0045613,00,80,00864660,FLANGE                              ,1.00,1.440,1.440,P,LT,,,yyyy-MM-dd,yyyy-MM-dd,yyyy-MM-dd,yyyy-MM-dd,2026-04-15,2026-04-09 11:38:18,,,,,,2026-04-09 16:38:57,2026-04-09 16:38:57,PP,01,-6:00,2,,,,CIP,,,,,,,00:00:00,CONTINENTAL GOLD LIMITED SUCURSAL C
00139,A02,CONTINENTAL GOLD LIMITED SUCURSAL C,PARTSERV            ,0045613,00,81,00749630,FLANGE                              ,3.00,2.860,8.580,P,LT,,,yyyy-MM-dd,yyyy-MM-dd,yyyy-MM-dd,yyyy-MM-dd,2026-04-15,2026-04-09 11:38:18,,,,,,2026-04-09 16:38:57,2026-04-09 16:38:57,PP,01,-6:00,2,,,,CIP,,,,,,,00:00:00,CONTINENTAL GOLD LIMITED SUCURSAL C
00139,A02,CONTINENTAL GOLD LIMITED SUCURSAL C,PARTSERV            ,0045613,00,82,00749640,FLANGE                              ,3.00,2.790,8.370,P,LT,,,yyyy-MM-dd,yyyy-MM-dd,yyyy-MM-dd,yyyy-MM-dd,2026-04-15,2026-04-09 11:38:18,,,,,,2026-04-09 16:38:57,2026-04-09 16:38:57,PP,01,-6:00,2,,,,CIP,,,,,,,00:00:00,CONTINENTAL GOLD LIMITED SUCURSAL C
00139,A02,CONTINENTAL GOLD LIMITED SUCURSAL C,PARTSERV            ,0045613,00,21,AF03000032,"WASHER, LOCK, DISC-LOCK             ",145.00,0.001,0.145,P,DR,,,yyyy-MM-dd,yyyy-MM-dd,yyyy-MM-dd,yyyy-MM-dd,2026-04-15,2026-04-09 11:38:17,,,,,,2026-04-09 16:38:53,2026-04-09 16:38:57,PP,01,-6:00,2,,,,CIP,,,,,,,00:00:00,CONTINENTAL GOLD LIMITED SUCURSAL C
00139,A02,CONTINENTAL GOLD LIMITED SUCURSAL C,PARTSERV            ,0045613,00,23,73692715,NUT                                 ,223.00,0.020,4.460,P,DS,,,yyyy-MM-dd,yyyy-MM-dd,yyyy-MM-dd,yyyy-MM-dd,2026-04-15,2026-04-09 11:38:17,,,,,,2026-04-09 16:38:54,2026-04-09 16:38:57,PP,01,-6:00,2,,,,CIP,,,,,,,00:00:00,CONTINENTAL GOLD LIMITED SUCURSAL C
00139,A02,CONTINENTAL GOLD LIMITED SUCURSAL C,PARTSERV            ,0045613,00,24,74201692,CONTACTOR                           ,2.00,0.480,0.960,P,DS,,,yyyy-MM-dd,yyyy-MM-dd,yyyy-MM-dd,yyyy-MM-dd,2026-04-15,2026-04-09 11:38:17,,,,,,2026-04-09 16:38:54,2026-04-09 16:38:57,PP,01,-6:00,2,,,,CIP,,,,,,,00:00:00,CONTINENTAL GOLD LIMITED SUCURSAL C
00139,A02,CONTINENTAL GOLD LIMITED SUCURSAL C,PARTSERV            ,0045613,00,26,70900057,RAIL                                ,4.00,22.200,88.800,P,DS,,,yyyy-MM-dd,yyyy-MM-dd,yyyy-MM-dd,yyyy-MM-dd,2026-04-15,2026-04-09 11:38:17,,,,,,2026-04-09 16:38:54,2026-04-09 16:38:57,PP,01,-6:00,2,,,,CIP,,,,,,,00:00:00,CONTINENTAL GOLD LIMITED SUCURSAL C
00139,A02,CONTINENTAL GOLD LIMITED SUCURSAL C,PARTSERV            ,0045613,00,27,AF21150088,"BEARING, SPHERICAL PLAIN            ",3.00,0.470,1.410,P,DR,,,yyyy-MM-dd,yyyy-MM-dd,yyyy-MM-dd,yyyy-MM-dd,2026-04-15,2026-04-09 11:38:17,,,,,,2026-04-09 16:38:54,2026-04-09 16:38:57,PP,01,-6:00,2,,,,CIP,,,,,,,00:00:00,CONTINENTAL GOLD LIMITED SUCURSAL C
00139,A02,CONTINENTAL GOLD LIMITED SUCURSAL C,PARTSERV            ,0045613,00,30,26363418,BUFFER                              ,3.00,4.030,12.090,P,DR,,,yyyy-MM-dd,yyyy-MM-dd,yyyy-MM-dd,yyyy-MM-dd,2026-04-15,2026-04-09 11:38:17,,,,,,2026-04-09 16:38:54,2026-04-09 16:38:57,PP,01,-6:00,2,,,,CIP,,,,,,,00:00:00,CONTINENTAL GOLD LIMITED SUCURSAL C
00139,A02,CONTINENTAL GOLD LIMITED SUCURSAL C,PARTSERV            ,0045613,00,31,78407088,EXPENDABLE PIN P/SET                ,3.00,1.294,3.882,P,DS,,,yyyy-MM-dd,yyyy-MM-dd,yyyy-MM-dd,yyyy-MM-dd,2026-04-15,2026-04-09 11:38:17,,,,,,2026-04-09 16:38:54,2026-04-09 16:38:57,PP,01,-6:00,2,,,,CIP,,,,,,,00:00:00,CONTINENTAL GOLD LIMITED SUCURSAL C
00139,A02,CONTINENTAL GOLD LIMITED SUCURSAL C,PARTSERV            ,0045613,00,32,78407089,EXPENDABLE PIN P/SET                ,12.00,0.240,2.880,P,DS,,,yyyy-MM-dd,yyyy-MM-dd,yyyy-MM-dd,yyyy-MM-dd,2026-04-15,2026-04-09 11:38:17,,,,,,2026-04-09 16:38:54,2026-04-09 16:38:57,PP,01,-6:00,2,,,,CIP,,,,,,,00:00:00,CONTINENTAL GOLD LIMITED SUCURSAL C
00139,A02,CONTINENTAL GOLD LIMITED SUCURSAL C,PARTSERV            ,0045613,00,34,78401306,SEAL KIT                            ,4.00,0.110,0.440,P,DS,,,yyyy-MM-dd,yyyy-MM-dd,yyyy-MM-dd,yyyy-MM-dd,2026-04-15,2026-04-09 11:38:17,,,,,,2026-04-09 16:38:54,2026-04-09 16:38:57,PP,01,-6:00,2,,,,CIP,,,,,,,00:00:00,CONTINENTAL GOLD LIMITED SUCURSAL C
00139,A02,CONTINENTAL GOLD LIMITED SUCURSAL C,PARTSERV            ,0045613,00,36,AF00500620,"SCREW, SOCKET HEAD, HEXAGON         ",100.00,0.040,4.000,P,DT,,,yyyy-MM-dd,yyyy-MM-dd,yyyy-MM-dd,yyyy-MM-dd,2026-04-15,2026-04-09 11:38:17,,,,,,2026-04-09 16:38:55,2026-04-09 16:38:57,PP,01,-6:00,2,,,,CIP,,,,,,,00:00:00,CONTINENTAL GOLD LIMITED SUCURSAL C
00139,A02,CONTINENTAL GOLD LIMITED SUCURSAL C,PARTSERV            ,0045613,00,37,AF03000032,"WASHER, LOCK, DISC-LOCK             ",108.00,0.001,0.108,P,DR,,,yyyy-MM-dd,yyyy-MM-dd,yyyy-MM-dd,yyyy-MM-dd,2026-04-15,2026-04-09 11:38:17,,,,,,2026-04-09 16:38:55,2026-04-09 16:38:57,PP,01,-6:00,2,,,,CIP,,,,,,,00:00:00,CONTINENTAL GOLD LIMITED SUCURSAL C
00139,A02,CONTINENTAL GOLD LIMITED SUCURSAL C,PARTSERV            ,0045613,00,38,56002677,FAN                                 ,1.00,2.200,2.200,P,LT,,,yyyy-MM-dd,yyyy-MM-dd,yyyy-MM-dd,yyyy-MM-dd,2026-04-15,2026-04-09 11:38:17,,,,,,2026-04-10 07:30:47,2026-04-09 16:38:57,PP,01,-6:00,2,,,,CIP,,,,,,,00:00:00,CONTINENTAL GOLD LIMITED SUCURSAL C
00139,A02,CONTINENTAL GOLD LIMITED SUCURSAL C,PARTSERV            ,0045613,00,39,56033150,"PAD, RUBBER                         ",15.00,0.150,2.250,P,LT,,,yyyy-MM-dd,yyyy-MM-dd,yyyy-MM-dd,yyyy-MM-dd,2026-04-15,2026-04-09 11:38:17,,,,,,2026-04-09 16:38:55,2026-04-09 16:38:57,PP,01,-6:00,2,,,,CIP,,,,,,,00:00:00,CONTINENTAL GOLD LIMITED SUCURSAL C
00139,A02,CONTINENTAL GOLD LIMITED SUCURSAL C,PARTSERV            ,0045613,00,40,04530143,"DAMPER, HOLE MOUNT                  ",11.00,1.130,12.430,P,LT,,,yyyy-MM-dd,yyyy-MM-dd,yyyy-MM-dd,yyyy-MM-dd,2026-04-15,2026-04-09 11:38:17,,,,,,2026-04-09 16:38:55,2026-04-09 16:38:57,PP,01,-6:00,2,,,,CIP,,,,,,,00:00:00,CONTINENTAL GOLD LIMITED SUCURSAL C
00139,A02,CONTINENTAL GOLD LIMITED SUCURSAL C,PARTSERV            ,0045613,00,41,04762158,CLUTCH                              ,3.00,0.230,0.690,P,LT,,,yyyy-MM-dd,yyyy-MM-dd,yyyy-MM-dd,yyyy-MM-dd,2026-04-15,2026-04-09 11:38:17,,,,,,2026-04-09 16:38:55,2026-04-09 16:38:57,PP,01,-6:00,2,,,,CIP,,,,,,,00:00:00,CONTINENTAL GOLD LIMITED SUCURSAL C
00139,A02,CONTINENTAL GOLD LIMITED SUCURSAL C,PARTSERV            ,0045613,00,42,06743226,BEARING                             ,2.00,1.540,3.080,P,LT,,,yyyy-MM-dd,yyyy-MM-dd,yyyy-MM-dd,yyyy-MM-dd,2026-04-15,2026-04-09 11:38:17,,,,,,2026-04-09 16:38:55,2026-04-09 16:38:57,PP,01,-6:00,2,,,,CIP,,,,,,,00:00:00,CONTINENTAL GOLD LIMITED SUCURSAL C
00139,A02,CONTINENTAL GOLD LIMITED SUCURSAL C,PARTSERV            ,0045613,00,43,BG00602884,HYDRAULIC MOTOR                     ,1.00,3.900,3.900,C,LT,,,yyyy-MM-dd,yyyy-MM-dd,yyyy-MM-dd,yyyy-MM-dd,2026-04-15,2026-04-09 11:38:17,,,,,,2026-04-09 16:38:55,2026-04-09 16:38:57,PP,01,-6:00,2,,,,CIP,,,,,,,00:00:00,CONTINENTAL GOLD LIMITED SUCURSAL C
00139,A02,CONTINENTAL GOLD LIMITED SUCURSAL C,PARTSERV            ,0045613,00,44,56002246,EVAPORATOR                          ,1.00,6.080,6.080,P,LT,,,yyyy-MM-dd,yyyy-MM-dd,yyyy-MM-dd,yyyy-MM-dd,2026-04-15,2026-04-09 11:38:17,,,,,,2026-04-09 16:38:55,2026-04-09 16:38:57,PP,01,-6:00,2,,,,CIP,,,,,,,00:00:00,CONTINENTAL GOLD LIMITED SUCURSAL C
00139,A02,CONTINENTAL GOLD LIMITED SUCURSAL C,PARTSERV            ,0045613,00,45,56002681,"HARNESS, WIRING                     ",1.00,0.410,0.410,P,LT,,,yyyy-MM-dd,yyyy-MM-dd,yyyy-MM-dd,yyyy-MM-dd,2026-04-15,2026-04-09 11:38:17,,,,,,2026-04-09 16:38:56,2026-04-09 16:38:57,PP,01,-6:00,2,,,,CIP,,,,,,,00:00:00,CONTINENTAL GOLD LIMITED SUCURSAL C
00139,A02,CONTINENTAL GOLD LIMITED SUCURSAL C,PARTSERV            ,0045613,00,50,70880191,SPRING                              ,7.00,0.010,0.070,P,DS,,,yyyy-MM-dd,yyyy-MM-dd,yyyy-MM-dd,yyyy-MM-dd,2026-04-15,2026-04-09 11:38:17,,,,,,2026-04-09 16:38:56,2026-04-09 16:38:57,PP,01,-6:00,2,,,,CIP,,,,,,,00:00:00,CONTINENTAL GOLD LIMITED SUCURSAL C
00139,A02,CONTINENTAL GOLD LIMITED SUCURSAL C,PARTSERV            ,0045613,00,51,73411218,SEAL                                ,9.00,0.040,0.360,P,DS,,,yyyy-MM-dd,yyyy-MM-dd,yyyy-MM-dd,yyyy-MM-dd,2026-04-15,2026-04-09 11:38:17,,,,,,2026-04-09 16:38:56,2026-04-09 16:38:57,PP,01,-6:00,2,,,,CIP,,,,,,,00:00:00,CONTINENTAL GOLD LIMITED SUCURSAL C
00139,A02,CONTINENTAL GOLD LIMITED SUCURSAL C,PARTSERV            ,0045613,00,52,AF21150016,"BEARING, SPHERICAL PLAIN            ",2.00,0.540,1.080,P,DR,,,yyyy-MM-dd,yyyy-MM-dd,yyyy-MM-dd,yyyy-MM-dd,2026-04-15,2026-04-09 11:38:17,,,,,,2026-04-09 16:38:56,2026-04-09 16:38:57,PP,01,-6:00,2,,,,CIP,,,,,,,00:00:00,CONTINENTAL GOLD LIMITED SUCURSAL C
00139,A02,CONTINENTAL GOLD LIMITED SUCURSAL C,PARTSERV            ,0045613,00,53,70012173,PIN                                 ,3.00,0.520,1.560,P,DS,,,yyyy-MM-dd,yyyy-MM-dd,yyyy-MM-dd,yyyy-MM-dd,2026-04-15,2026-04-09 11:38:17,,,,,,2026-04-09 16:38:56,2026-04-09 16:38:57,PP,01,-6:00,2,,,,CIP,,,,,,,00:00:00,CONTINENTAL GOLD LIMITED SUCURSAL C
00139,A02,CONTINENTAL GOLD LIMITED SUCURSAL C,PARTSERV            ,0045613,00,59,20835308,PLATE                               ,23.00,0.109,2.507,P,DR,,,yyyy-MM-dd,yyyy-MM-dd,yyyy-MM-dd,yyyy-MM-dd,2026-04-15,2026-04-09 11:38:17,,,,,,2026-04-09 16:38:56,2026-04-09 16:38:57,PP,01,-6:00,2,,,,CIP,,,,,,,00:00:00,CONTINENTAL GOLD LIMITED SUCURSAL C
00139,A02,CONTINENTAL GOLD LIMITED SUCURSAL C,PARTSERV            ,0045613,00,9,77722551,RELIEF VALVE 10-420B                ,3.00,0.280,0.840,P,DS,,,yyyy-MM-dd,yyyy-MM-dd,yyyy-MM-dd,yyyy-MM-dd,2026-04-15,2026-04-09 11:38:16,,,,,,2026-04-09 16:38:53,2026-04-09 16:38:57,PP,01,-6:00,2,,,,CIP,,,,,,,00:00:00,CONTINENTAL GOLD LIMITED SUCURSAL C
00139,A02,CONTINENTAL GOLD LIMITED SUCURSAL C,PARTSERV            ,0045613,00,10,78410284,CARTRIDGE                           ,2.00,0.240,0.480,P,DS,,,yyyy-MM-dd,yyyy-MM-dd,yyyy-MM-dd,yyyy-MM-dd,2026-04-15,2026-04-09 11:38:16,,,,,,2026-04-09 16:38:53,2026-04-09 16:38:57,PP,01,-6:00,2,,,,CIP,,,,,,,00:00:00,CONTINENTAL GOLD LIMITED SUCURSAL C
00139,A02,CONTINENTAL GOLD LIMITED SUCURSAL C,PARTSERV            ,0045613,00,11,55055778,THERMOSTAT                          ,1.00,0.080,0.080,P,DR,,,yyyy-MM-dd,yyyy-MM-dd,yyyy-MM-dd,yyyy-MM-dd,2026-04-15,2026-04-09 11:38:16,,,,,,2026-04-09 16:38:53,2026-04-09 16:38:57,PP,01,-6:00,2,,,,CIP,,,,,,,00:00:00,CONTINENTAL GOLD LIMITED SUCURSAL C
00139,A02,CONTINENTAL GOLD LIMITED SUCURSAL C,PARTSERV            ,0045613,00,12,55049092,SELECTOR SWITCH                     ,3.00,0.060,0.180,P,DR,,,yyyy-MM-dd,yyyy-MM-dd,yyyy-MM-dd,yyyy-MM-dd,2026-04-15,2026-04-09 11:38:16,,,,,,2026-04-09 16:38:53,2026-04-09 16:38:57,PP,01,-6:00,2,,,,CIP,,,,,,,00:00:00,CONTINENTAL GOLD LIMITED SUCURSAL C
00139,A02,CONTINENTAL GOLD LIMITED SUCURSAL C,PARTSERV            ,0045613,00,13,55047278,CONTACT BLOCK                       ,6.00,0.014,0.084,P,DR,,,yyyy-MM-dd,yyyy-MM-dd,yyyy-MM-dd,yyyy-MM-dd,2026-04-15,2026-04-09 11:38:16,,,,,,2026-04-09 16:38:53,2026-04-09 16:38:57,PP,01,-6:00,2,,,,CIP,,,,,,,00:00:00,CONTINENTAL GOLD LIMITED SUCURSAL C
00139,A02,CONTINENTAL GOLD LIMITED SUCURSAL C,PARTSERV            ,0045613,00,14,81765809,TEMPERATURE GAUGE ** SEE T-TXT **   ,3.00,0.400,1.200,P,DR,,,yyyy-MM-dd,yyyy-MM-dd,yyyy-MM-dd,yyyy-MM-dd,2026-04-15,2026-04-09 11:38:16,,,,,,2026-04-09 16:38:53,2026-04-09 16:38:57,PP,01,-6:00,2,,,,CIP,,,,,,,00:00:00,CONTINENTAL GOLD LIMITED SUCURSAL C
00139,A02,CONTINENTAL GOLD LIMITED SUCURSAL C,PARTSERV            ,0045613,00,15,BG00880156,FAN                                 ,1.00,0.990,0.990,P,DR,,,yyyy-MM-dd,yyyy-MM-dd,yyyy-MM-dd,yyyy-MM-dd,2026-04-15,2026-04-09 11:38:16,,,,,,2026-04-09 16:38:53,2026-04-09 16:38:57,PP,01,-6:00,2,,,,CIP,,,,,,,00:00:00,CONTINENTAL GOLD LIMITED SUCURSAL C
00139,A02,CONTINENTAL GOLD LIMITED SUCURSAL C,PARTSERV            ,0045613,00,16,70620769,TIE ROD                             ,14.00,1.160,16.240,P,DS,,,yyyy-MM-dd,yyyy-MM-dd,yyyy-MM-dd,yyyy-MM-dd,2026-04-15,2026-04-09 11:38:16,,,,,,2026-04-09 16:38:53,2026-04-09 16:38:57,PP,01,-6:00,2,,,,CIP,,,,,,,00:00:00,CONTINENTAL GOLD LIMITED SUCURSAL C
DRP40,001,CONTINENTAL GOLD LIMITED SUCURSAL C,PARTSERV            ,0045568,01,2,04762155,FITTING PIECE                       ,1.00,0.400,0.400,P,LT,,,yyyy-MM-dd,yyyy-MM-dd,yyyy-MM-dd,yyyy-MM-dd,2026-04-06,2026-04-06 13:47:06,,,,,,2026-04-09 17:29:18,2026-04-09 17:29:18,PP,01,-6:00,3,,,,CIP,,,,,,,00:00:00,CONTINENTAL GOLD LIMITED SUCURSAL C
00515,A01,JIN SHAN ANDES S.A.S               ,PARTSERV            ,0045562,00,66,88177759,HANDLE KNOB                         ,2.00,0.300,0.600,P,DR,,,yyyy-MM-dd,yyyy-MM-dd,yyyy-MM-dd,yyyy-MM-dd,2026-04-09,2026-04-06 13:23:28,,,,,,2026-04-09 17:23:47,2026-04-09 17:23:47,PP,01,-6:00,2,,,,DDP,,,,,,,00:00:00,JIN SHAN ANDES S.A.S               
00515,A01,JIN SHAN ANDES S.A.S               ,PARTSERV            ,0045562,00,31,09260298,DIAPHRAGM                           ,4.00,0.040,0.160,P,DR,,,yyyy-MM-dd,yyyy-MM-dd,yyyy-MM-dd,yyyy-MM-dd,2026-04-09,2026-04-06 13:23:27,,,,,,2026-04-09 17:23:45,2026-04-09 17:23:47,PP,01,-6:00,2,,,,DDP,,,,,,,00:00:00,JIN SHAN ANDES S.A.S               
00515,A01,JIN SHAN ANDES S.A.S               ,PARTSERV            ,0045562,00,32,AF25010520,O-RING                              ,4.00,0.004,0.016,P,DR,,,yyyy-MM-dd,yyyy-MM-dd,yyyy-MM-dd,yyyy-MM-dd,2026-04-09,2026-04-06 13:23:27,,,,,,2026-04-09 17:23:46,2026-04-09 17:23:47,PP,01,-6:00,2,,,,DDP,,,,,,,00:00:00,JIN SHAN ANDES S.A.S               
00515,A01,JIN SHAN ANDES S.A.S               ,PARTSERV            ,0045562,00,33,55005676,ADAPTER ASSY                        ,6.00,0.340,2.040,P,DR,,,yyyy-MM-dd,yyyy-MM-dd,yyyy-MM-dd,yyyy-MM-dd,2026-04-09,2026-04-06 13:23:27,,,,,,2026-04-09 17:23:46,2026-04-09 17:23:47,PP,01,-6:00,2,,,,DDP,,,,,,,00:00:00,JIN SHAN ANDES S.A.S               
00515,A01,JIN SHAN ANDES S.A.S               ,PARTSERV            ,0045562,00,38,88110859,VALVE CARTRIDGE                     ,1.00,0.242,0.242,P,DR,,,yyyy-MM-dd,yyyy-MM-dd,yyyy-MM-dd,yyyy-MM-dd,2026-04-09,2026-04-06 13:23:27,,,,,,2026-04-09 17:23:46,2026-04-09 17:23:47,PP,01,-6:00,2,,,,DDP,,,,,,,00:00:00,JIN SHAN ANDES S.A.S               
00515,A01,JIN SHAN ANDES S.A.S               ,PARTSERV            ,0045562,00,39,55047696,SELECTOR SWITCH                     ,2.00,0.050,0.100,P,DR,,,yyyy-MM-dd,yyyy-MM-dd,yyyy-MM-dd,yyyy-MM-dd,2026-04-09,2026-04-06 13:23:27,,,,,,2026-04-09 17:23:46,2026-04-09 17:23:47,PP,01,-6:00,2,,,,DDP,,,,,,,00:00:00,JIN SHAN ANDES S.A.S               
00515,A01,JIN SHAN ANDES S.A.S               ,PARTSERV            ,0045562,00,41,81325579,RELAY BASE                          ,3.00,0.056,0.168,P,DR,,,yyyy-MM-dd,yyyy-MM-dd,yyyy-MM-dd,yyyy-MM-dd,2026-04-09,2026-04-06 13:23:27,,,,,,2026-04-09 17:23:46,2026-04-09 17:23:47,PP,01,-6:00,2,,,,DDP,,,,,,,00:00:00,JIN SHAN ANDES S.A.S               
00515,A01,JIN SHAN ANDES S.A.S               ,PARTSERV            ,0045562,00,42,77012898,RELAY                               ,3.00,0.020,0.060,P,DS,,,yyyy-MM-dd,yyyy-MM-dd,yyyy-MM-dd,yyyy-MM-dd,2026-04-09,2026-04-06 13:23:27,,,,,,2026-04-09 17:23:46,2026-04-09 17:23:47,PP,01,-6:00,2,,,,DDP,,,,,,,00:00:00,JIN SHAN ANDES S.A.S               
00515,A01,JIN SHAN ANDES S.A.S               ,PARTSERV            ,0045562,00,43,88815329,RELAY BASE                          ,3.00,0.020,0.060,P,DR,,,yyyy-MM-dd,yyyy-MM-dd,yyyy-MM-dd,yyyy-MM-dd,2026-04-09,2026-04-06 13:23:27,,,,,,2026-04-09 17:23:46,2026-04-09 17:23:47,PP,01,-6:00,2,,,,DDP,,,,,,,00:00:00,JIN SHAN ANDES S.A.S               
00515,A01,JIN SHAN ANDES S.A.S               ,PARTSERV            ,0045562,00,44,55049092,SELECTOR SWITCH                     ,2.00,0.060,0.120,P,DR,,,yyyy-MM-dd,yyyy-MM-dd,yyyy-MM-dd,yyyy-MM-dd,2026-04-09,2026-04-06 13:23:27,,,,,,2026-04-09 17:23:46,2026-04-09 17:23:47,PP,01,-6:00,2,,,,DDP,,,,,,,00:00:00,JIN SHAN ANDES S.A.S               
00515,A01,JIN SHAN ANDES S.A.S               ,PARTSERV            ,0045562,00,45,55045836,ALTERNATOR                          ,1.00,5.600,5.600,P,DR,,,yyyy-MM-dd,yyyy-MM-dd,yyyy-MM-dd,yyyy-MM-dd,2026-04-09,2026-04-06 13:23:27,,,,,,2026-04-09 17:23:46,2026-04-09 17:23:47,PP,01,-6:00,2,,,,DDP,,,,,,,00:00:00,JIN SHAN ANDES S.A.S               
00515,A01,JIN SHAN ANDES S.A.S               ,PARTSERV            ,0045562,00,49,77006394,UNION CROSS                         ,8.00,0.830,6.640,P,DS,,,yyyy-MM-dd,yyyy-MM-dd,yyyy-MM-dd,yyyy-MM-dd,2026-04-09,2026-04-06 13:23:27,,,,,,2026-04-09 17:23:46,2026-04-09 17:23:47,PP,01,-6:00,2,,,,DDP,,,,,,,00:00:00,JIN SHAN ANDES S.A.S               
00515,A01,JIN SHAN ANDES S.A.S               ,PARTSERV            ,0045562,00,50,70260900,SUPPORT BEARING                     ,2.00,1.800,3.600,P,DS,,,yyyy-MM-dd,yyyy-MM-dd,yyyy-MM-dd,yyyy-MM-dd,2026-04-09,2026-04-06 13:23:27,,,,,,2026-04-09 17:23:46,2026-04-09 17:23:47,PP,01,-6:00,2,,,,DDP,,,,,,,00:00:00,JIN SHAN ANDES S.A.S               
00515,A01,JIN SHAN ANDES S.A.S               ,PARTSERV            ,0045562,00,51,71407440,BALL JOINT                          ,4.00,1.410,5.640,P,DS,,,yyyy-MM-dd,yyyy-MM-dd,yyyy-MM-dd,yyyy-MM-dd,2026-04-09,2026-04-06 13:23:27,,,,,,2026-04-09 17:23:47,2026-04-09 17:23:47,PP,01,-6:00,2,,,,DDP,,,,,,,00:00:00,JIN SHAN ANDES S.A.S               
00515,A01,JIN SHAN ANDES S.A.S               ,PARTSERV            ,0045562,00,54,88653969,RELAY                               ,3.00,0.090,0.270,P,DR,,,yyyy-MM-dd,yyyy-MM-dd,yyyy-MM-dd,yyyy-MM-dd,2026-04-09,2026-04-06 13:23:27,,,,,,2026-04-09 17:23:47,2026-04-09 17:23:47,PP,01,-6:00,2,,,,DDP,,,,,,,00:00:00,JIN SHAN ANDES S.A.S               
00515,A01,JIN SHAN ANDES S.A.S               ,PARTSERV            ,0045562,00,57,77007273,AUXILIARY CONTACT                   ,1.00,0.060,0.060,P,DS,,,yyyy-MM-dd,yyyy-MM-dd,yyyy-MM-dd,yyyy-MM-dd,2026-04-09,2026-04-06 13:23:27,,,,,,2026-04-09 17:23:47,2026-04-09 17:23:47,PP,01,-6:00,2,,,,DDP,,,,,,,00:00:00,JIN SHAN ANDES S.A.S               
00515,A01,JIN SHAN ANDES S.A.S               ,PARTSERV            ,0045562,00,60,55155989,SEAL KIT                            ,2.00,0.582,1.164,P,DR,,,yyyy-MM-dd,yyyy-MM-dd,yyyy-MM-dd,yyyy-MM-dd,2026-04-09,2026-04-06 13:23:27,,,,,,2026-04-09 17:23:47,2026-04-09 17:23:47,PP,01,-6:00,2,,,,DDP,,,,,,,00:00:00,JIN SHAN ANDES S.A.S               
00515,A01,JIN SHAN ANDES S.A.S               ,PARTSERV            ,0045562,00,61,85577709,SEAL KIT                            ,2.00,0.260,0.520,P,DR,,,yyyy-MM-dd,yyyy-MM-dd,yyyy-MM-dd,yyyy-MM-dd,2026-04-09,2026-04-06 13:23:27,,,,,,2026-04-09 17:23:47,2026-04-09 17:23:47,PP,01,-6:00,2,,,,DDP,,,,,,,00:00:00,JIN SHAN ANDES S.A.S               
00515,A01,JIN SHAN ANDES S.A.S               ,PARTSERV            ,0045562,00,62,88472049,SEAL KIT                            ,2.00,0.280,0.560,P,DR,,,yyyy-MM-dd,yyyy-MM-dd,yyyy-MM-dd,yyyy-MM-dd,2026-04-09,2026-04-06 13:23:27,,,,,,2026-04-09 17:23:47,2026-04-09 17:23:47,PP,01,-6:00,2,,,,DDP,,,,,,,00:00:00,JIN SHAN ANDES S.A.S               
00515,A01,JIN SHAN ANDES S.A.S               ,PARTSERV            ,0045562,00,64,55152126,SEAL KIT                            ,2.00,0.100,0.200,P,DR,,,yyyy-MM-dd,yyyy-MM-dd,yyyy-MM-dd,yyyy-MM-dd,2026-04-09,2026-04-06 13:23:27,,,,,,2026-04-09 17:23:47,2026-04-09 17:23:47,PP,01,-6:00,2,,,,DDP,,,,,,,00:00:00,JIN SHAN ANDES S.A.S               
00515,A01,JIN SHAN ANDES S.A.S               ,PARTSERV            ,0045562,00,65,88782259,PRESSURE RELIEF VALVE               ,2.00,0.235,0.470,P,DR,,,yyyy-MM-dd,yyyy-MM-dd,yyyy-MM-dd,yyyy-MM-dd,2026-04-09,2026-04-06 13:23:27,,,,,,2026-04-09 17:23:47,2026-04-09 17:23:47,PP,01,-6:00,2,,,,DDP,,,,,,,00:00:00,JIN SHAN ANDES S.A.S               
00515,A01,JIN SHAN ANDES S.A.S               ,PARTSERV            ,0045562,00,1,55033478,SEAL KIT                            ,3.00,0.160,0.480,P,DR,,,yyyy-MM-dd,yyyy-MM-dd,yyyy-MM-dd,yyyy-MM-dd,2026-04-09,2026-04-06 13:23:26,,,,,,2026-04-09 17:23:44,2026-04-09 17:23:47,PP,01,-6:00,2,,,,DDP,,,,,,,00:00:00,JIN SHAN ANDES S.A.S               
00515,A01,JIN SHAN ANDES S.A.S               ,PARTSERV            ,0045562,00,2,26368598,"TRAVELLING CENTRALIZER, TF/TFX      ",1.00,9.360,9.360,C,DR,,,yyyy-MM-dd,yyyy-MM-dd,yyyy-MM-dd,yyyy-MM-dd,2026-04-09,2026-04-06 13:23:26,,,,,,2026-04-10 09:32:09,2026-04-09 17:23:47,PP,01,-6:00,2,,,,DDP,,,,,,,00:00:00,JIN SHAN ANDES S.A.S               
00515,A01,JIN SHAN ANDES S.A.S               ,PARTSERV            ,0045562,00,3,55050828,DRIVER (BRONZE)                     ,3.00,2.220,6.660,P,DR,,,yyyy-MM-dd,yyyy-MM-dd,yyyy-MM-dd,yyyy-MM-dd,2026-04-09,2026-04-06 13:23:26,,,,,,2026-04-09 17:23:44,2026-04-09 17:23:47,PP,01,-6:00,2,,,,DDP,,,,,,,00:00:00,JIN SHAN ANDES S.A.S               
00515,A01,JIN SHAN ANDES S.A.S               ,PARTSERV            ,0045562,00,4,87218939,U-SEAL                              ,10.00,0.012,0.120,P,DR,,,yyyy-MM-dd,yyyy-MM-dd,yyyy-MM-dd,yyyy-MM-dd,2026-04-09,2026-04-06 13:23:26,,,,,,2026-04-09 17:23:44,2026-04-09 17:23:47,PP,01,-6:00,2,,,,DDP,,,,,,,00:00:00,JIN SHAN ANDES S.A.S               
00515,A01,JIN SHAN ANDES S.A.S               ,PARTSERV            ,0045562,00,5,55066836,PISTON ROD GUIDE RING               ,20.00,0.004,0.080,P,DR,,,yyyy-MM-dd,yyyy-MM-dd,yyyy-MM-dd,yyyy-MM-dd,2026-04-09,2026-04-06 13:23:26,,,,,,2026-04-09 17:23:44,2026-04-09 17:23:47,PP,01,-6:00,2,,,,DDP,,,,,,,00:00:00,JIN SHAN ANDES S.A.S               
00515,A01,JIN SHAN ANDES S.A.S               ,PARTSERV            ,0045562,00,6,30299518,SLIDE PIECE  HDXX                   ,8.00,6.060,48.480,P,DR,,,yyyy-MM-dd,yyyy-MM-dd,yyyy-MM-dd,yyyy-MM-dd,2026-04-09,2026-04-06 13:23:26,,,,,,2026-04-09 17:23:44,2026-04-09 17:23:47,PP,01,-6:00,2,,,,DDP,,,,,,,00:00:00,JIN SHAN ANDES S.A.S               
00515,A01,JIN SHAN ANDES S.A.S               ,PARTSERV            ,0045562,00,7,33001698,SLIDE PIECE (NEW)                   ,8.00,0.290,2.320,P,DR,,,yyyy-MM-dd,yyyy-MM-dd,yyyy-MM-dd,yyyy-MM-dd,2026-04-09,2026-04-06 13:23:26,,,,,,2026-04-09 17:23:44,2026-04-09 17:23:47,PP,01,-6:00,2,,,,DDP,,,,,,,00:00:00,JIN SHAN ANDES S.A.S               
00515,A01,JIN SHAN ANDES S.A.S               ,PARTSERV            ,0045562,00,14,BR00078669,SEAL KIT                            ,1.00,0.130,0.130,P,JD,,,yyyy-MM-dd,yyyy-MM-dd,yyyy-MM-dd,yyyy-MM-dd,2026-04-09,2026-04-06 13:23:26,,,,,,2026-04-09 17:23:45,2026-04-09 17:23:47,PP,01,-6:00,2,,,,DDP,,,,,,,00:00:00,JIN SHAN ANDES S.A.S               
00515,A01,JIN SHAN ANDES S.A.S               ,PARTSERV            ,0045562,00,16,55181309,PRESSURE RELIEF VALVE               ,1.00,0.250,0.250,P,DR,,,yyyy-MM-dd,yyyy-MM-dd,yyyy-MM-dd,yyyy-MM-dd,2026-04-09,2026-04-06 13:23:26,,,,,,2026-04-09 17:23:45,2026-04-09 17:23:47,PP,01,-6:00,2,,,,DDP,,,,,,,00:00:00,JIN SHAN ANDES S.A.S               
00515,A01,JIN SHAN ANDES S.A.S               ,PARTSERV            ,0045562,00,17,55179662,PRESSURE RELIEF VALVE               ,1.00,0.240,0.240,P,DR,,,yyyy-MM-dd,yyyy-MM-dd,yyyy-MM-dd,yyyy-MM-dd,2026-04-09,2026-04-06 13:23:26,,,,,,2026-04-09 17:23:45,2026-04-09 17:23:47,PP,01,-6:00,2,,,,DDP,,,,,,,00:00:00,JIN SHAN ANDES S.A.S               
00515,A01,JIN SHAN ANDES S.A.S               ,PARTSERV            ,0045562,00,18,88129179,"DIRECTIONAL VALVE, 3/2              ",3.00,0.159,0.477,P,DR,,,yyyy-MM-dd,yyyy-MM-dd,yyyy-MM-dd,yyyy-MM-dd,2026-04-09,2026-04-06 13:23:26,,,,,,2026-04-09 17:23:45,2026-04-09 17:23:47,PP,01,-6:00,2,,,,DDP,,,,,,,00:00:00,JIN SHAN ANDES S.A.S               
00515,A01,JIN SHAN ANDES S.A.S               ,PARTSERV            ,0045562,00,19,88558469,PRESS.RELIEF VALVE                  ,2.00,0.250,0.500,P,DR,,,yyyy-MM-dd,yyyy-MM-dd,yyyy-MM-dd,yyyy-MM-dd,2026-04-09,2026-04-06 13:23:26,,,,,,2026-04-09 17:23:45,2026-04-09 17:23:47,PP,01,-6:00,2,,,,DDP,,,,,,,00:00:00,JIN SHAN ANDES S.A.S               
00515,A01,JIN SHAN ANDES S.A.S               ,PARTSERV            ,0045562,00,20,88177889,PRESSURE RELIEF VALVE               ,1.00,0.250,0.250,P,DR,,,yyyy-MM-dd,yyyy-MM-dd,yyyy-MM-dd,yyyy-MM-dd,2026-04-09,2026-04-06 13:23:26,,,,,,2026-04-09 17:23:45,2026-04-09 17:23:47,PP,01,-6:00,2,,,,DDP,,,,,,,00:00:00,JIN SHAN ANDES S.A.S               
00515,A01,JIN SHAN ANDES S.A.S               ,PARTSERV            ,0045562,00,21,55181308,DIRECTIONAL VALVE                   ,2.00,0.320,0.640,P,DR,,,yyyy-MM-dd,yyyy-MM-dd,yyyy-MM-dd,yyyy-MM-dd,2026-04-09,2026-04-06 13:23:26,,,,,,2026-04-09 17:23:45,2026-04-09 17:23:47,PP,01,-6:00,2,,,,DDP,,,,,,,00:00:00,JIN SHAN ANDES S.A.S               
00515,A01,JIN SHAN ANDES S.A.S               ,PARTSERV            ,0045562,00,25,55055045,SEAL KIT (BOM IN TEXTS)             ,1.00,0.140,0.140,P,DR,,,yyyy-MM-dd,yyyy-MM-dd,yyyy-MM-dd,yyyy-MM-dd,2026-04-09,2026-04-06 13:23:26,,,,,,2026-04-09 17:23:45,2026-04-09 17:23:47,PP,01,-6:00,2,,,,DDP,,,,,,,00:00:00,JIN SHAN ANDES S.A.S               
00515,A01,JIN SHAN ANDES S.A.S               ,PARTSERV            ,0045562,00,26,32361098,PULLEY WHEEL ASSY                   ,1.00,15.800,15.800,P,DR,,,yyyy-MM-dd,yyyy-MM-dd,yyyy-MM-dd,yyyy-MM-dd,2026-04-09,2026-04-06 13:23:26,,,,,,2026-04-09 17:23:45,2026-04-09 17:23:47,PP,01,-6:00,2,,,,DDP,,,,,,,00:00:00,JIN SHAN ANDES S.A.S               
00139,A02,CONTINENTAL GOLD LIMITED SUCURSAL C,PARTSERV            ,0045543,00,19,BG00871972,STRAINER                            ,4.00,0.030,0.120,P,DS,,,yyyy-MM-dd,yyyy-MM-dd,yyyy-MM-dd,yyyy-MM-dd,2026-04-15,2026-04-01 13:54:11,,,,,,2026-04-10 07:30:47,2026-04-09 16:38:44,PP,01,-6:00,2,,,,CIP,,,,,,,00:00:00,CONTINENTAL GOLD LIMITED SUCURSAL C
00139,A02,CONTINENTAL GOLD LIMITED SUCURSAL C,PARTSERV            ,0045543,00,20,55071791,FILTER                              ,26.00,0.120,3.120,P,DR,,,yyyy-MM-dd,yyyy-MM-dd,yyyy-MM-dd,yyyy-MM-dd,2026-04-15,2026-04-01 13:54:11,,,,,,2026-04-09 09:10:48,2026-04-09 16:38:44,PP,01,-6:00,2,,,,CIP,,,,,,,00:00:00,CONTINENTAL GOLD LIMITED SUCURSAL C
00139,A02,CONTINENTAL GOLD LIMITED SUCURSAL C,PARTSERV            ,0045543,00,21,55071773,"FILTER ELEMENT, AIR                 ",16.00,0.300,4.800,P,DR,,,yyyy-MM-dd,yyyy-MM-dd,yyyy-MM-dd,yyyy-MM-dd,2026-04-15,2026-04-01 13:54:11,,,,,,2026-04-09 09:10:48,2026-04-09 16:38:44,PP,01,-6:00,2,,,,CIP,,,,,,,00:00:00,CONTINENTAL GOLD LIMITED SUCURSAL C
00139,A02,CONTINENTAL GOLD LIMITED SUCURSAL C,PARTSERV            ,0045543,00,22,80698189,ONE WAY RESTRICTOR                  ,1.00,0.360,0.360,P,DR,,,yyyy-MM-dd,yyyy-MM-dd,yyyy-MM-dd,yyyy-MM-dd,2026-04-15,2026-04-01 13:54:11,,,,,,2026-04-09 09:10:48,2026-04-09 16:38:44,PP,01,-6:00,2,,,,CIP,,,,,,,00:00:00,CONTINENTAL GOLD LIMITED SUCURSAL C
00139,A02,CONTINENTAL GOLD LIMITED SUCURSAL C,PARTSERV            ,0045543,00,25,55090746,DRIVE SHAFT                         ,1.00,16.200,16.200,P,DR,,,yyyy-MM-dd,yyyy-MM-dd,yyyy-MM-dd,yyyy-MM-dd,2026-04-15,2026-04-01 13:54:11,,,,,,2026-04-09 09:10:48,2026-04-09 16:38:44,PP,01,-6:00,2,,,,CIP,,,,,,,00:00:00,CONTINENTAL GOLD LIMITED SUCURSAL C
00139,A02,CONTINENTAL GOLD LIMITED SUCURSAL C,PARTSERV            ,0045543,00,26,59943148,BUSHING                             ,1.00,0.110,0.110,P,DR,,,yyyy-MM-dd,yyyy-MM-dd,yyyy-MM-dd,yyyy-MM-dd,2026-04-15,2026-04-01 13:54:11,,,,,,2026-04-09 09:10:48,2026-04-09 16:38:44,PP,01,-6:00,2,,,,CIP,,,,,,,00:00:00,CONTINENTAL GOLD LIMITED SUCURSAL C
00139,A02,CONTINENTAL GOLD LIMITED SUCURSAL C,PARTSERV            ,0045543,00,28,AF25010510,O-RING                              ,3.00,0.010,0.030,P,DR,,,yyyy-MM-dd,yyyy-MM-dd,yyyy-MM-dd,yyyy-MM-dd,2026-04-15,2026-04-01 13:54:11,,,,,,2026-04-09 09:10:48,2026-04-09 16:38:44,PP,01,-6:00,2,,,,CIP,,,,,,,00:00:00,CONTINENTAL GOLD LIMITED SUCURSAL C
00139,A02,CONTINENTAL GOLD LIMITED SUCURSAL C,PARTSERV            ,0045543,00,29,78410284,CARTRIDGE                           ,1.00,0.240,0.240,P,DS,,,yyyy-MM-dd,yyyy-MM-dd,yyyy-MM-dd,yyyy-MM-dd,2026-04-15,2026-04-01 13:54:11,,,,,,2026-04-09 09:10:48,2026-04-09 16:38:44,PP,01,-6:00,2,,,,CIP,,,,,,,00:00:00,CONTINENTAL GOLD LIMITED SUCURSAL C
00139,A02,CONTINENTAL GOLD LIMITED SUCURSAL C,PARTSERV            ,0045543,00,2,06743226,BEARING                             ,3.00,1.540,4.620,P,LT,,,yyyy-MM-dd,yyyy-MM-dd,yyyy-MM-dd,yyyy-MM-dd,2026-04-15,2026-04-01 13:54:10,,,,,,2026-04-09 09:10:47,2026-04-09 16:38:44,PP,01,-6:00,2,,,,CIP,,,,,,,00:00:00,CONTINENTAL GOLD LIMITED SUCURSAL C
00139,A02,CONTINENTAL GOLD LIMITED SUCURSAL C,PARTSERV            ,0045543,00,3,56002246,EVAPORATOR                          ,1.00,6.080,6.080,P,LT,,,yyyy-MM-dd,yyyy-MM-dd,yyyy-MM-dd,yyyy-MM-dd,2026-04-15,2026-04-01 13:54:10,,,,,,2026-04-09 09:10:47,2026-04-09 16:38:44,PP,01,-6:00,2,,,,CIP,,,,,,,00:00:00,CONTINENTAL GOLD LIMITED SUCURSAL C
00139,A02,CONTINENTAL GOLD LIMITED SUCURSAL C,PARTSERV            ,0045543,00,4,56011846,DRYER                               ,3.00,1.240,3.720,P,LT,,,yyyy-MM-dd,yyyy-MM-dd,yyyy-MM-dd,yyyy-MM-dd,2026-04-15,2026-04-01 13:54:10,,,,,,2026-04-09 09:10:47,2026-04-09 16:38:44,PP,01,-6:00,2,,,,CIP,,,,,,,00:00:00,CONTINENTAL GOLD LIMITED SUCURSAL C
00139,A02,CONTINENTAL GOLD LIMITED SUCURSAL C,PARTSERV            ,0045543,00,5,BG01048548,"ACCUMULATOR, DIAPHRAGM, UNCHARGED   ",2.00,0.950,1.900,P,LT,,,yyyy-MM-dd,yyyy-MM-dd,yyyy-MM-dd,yyyy-MM-dd,2026-04-15,2026-04-01 13:54:10,,,,,,2026-04-09 09:10:47,2026-04-09 16:38:44,PP,01,-6:00,2,,,,CIP,,,,,,,00:00:00,CONTINENTAL GOLD LIMITED SUCURSAL C
00139,A02,CONTINENTAL GOLD LIMITED SUCURSAL C,PARTSERV            ,0045543,00,7,70450627,SKID                                ,6.00,2.110,12.660,P,DS,,,yyyy-MM-dd,yyyy-MM-dd,yyyy-MM-dd,yyyy-MM-dd,2026-04-15,2026-04-01 13:54:10,,,,,,2026-04-09 09:10:47,2026-04-09 16:38:44,PP,01,-6:00,2,,,,CIP,,,,,,,00:00:00,CONTINENTAL GOLD LIMITED SUCURSAL C
00139,A02,CONTINENTAL GOLD LIMITED SUCURSAL C,PARTSERV            ,0045543,00,9,55047602,JOYSTICK                            ,1.00,0.090,0.090,P,DR,,,yyyy-MM-dd,yyyy-MM-dd,yyyy-MM-dd,yyyy-MM-dd,2026-04-15,2026-04-01 13:54:10,,,,,,2026-04-09 09:10:47,2026-04-09 16:38:44,PP,01,-6:00,2,,,,CIP,,,,,,,00:00:00,CONTINENTAL GOLD LIMITED SUCURSAL C
00139,A02,CONTINENTAL GOLD LIMITED SUCURSAL C,PARTSERV            ,0045543,00,10,04790826,SENSOR KIT                          ,1.00,0.180,0.180,P,LT,,,yyyy-MM-dd,yyyy-MM-dd,yyyy-MM-dd,yyyy-MM-dd,2026-04-15,2026-04-01 13:54:10,,,,,,2026-04-09 09:10:47,2026-04-09 16:38:44,PP,01,-6:00,2,,,,CIP,,,,,,,00:00:00,CONTINENTAL GOLD LIMITED SUCURSAL C
00139,A02,CONTINENTAL GOLD LIMITED SUCURSAL C,PARTSERV            ,0045543,00,11,70880244,SPRING                              ,2.00,0.280,0.560,P,DS,,,yyyy-MM-dd,yyyy-MM-dd,yyyy-MM-dd,yyyy-MM-dd,2026-04-15,2026-04-01 13:54:10,,,,,,2026-04-09 09:10:47,2026-04-09 16:38:44,PP,01,-6:00,2,,,,CIP,,,,,,,00:00:00,CONTINENTAL GOLD LIMITED SUCURSAL C
00139,A02,CONTINENTAL GOLD LIMITED SUCURSAL C,PARTSERV            ,0045543,00,13,71407430,END PIECE                           ,3.00,0.670,2.010,P,DS,,,yyyy-MM-dd,yyyy-MM-dd,yyyy-MM-dd,yyyy-MM-dd,2026-04-15,2026-04-01 13:54:10,,,,,,2026-04-09 09:10:47,2026-04-09 16:38:44,PP,01,-6:00,2,,,,CIP,,,,,,,00:00:00,CONTINENTAL GOLD LIMITED SUCURSAL C
00139,A02,CONTINENTAL GOLD LIMITED SUCURSAL C,PARTSERV            ,0045543,00,15,85443379,BELT                                ,3.00,0.060,0.180,P,DR,,,yyyy-MM-dd,yyyy-MM-dd,yyyy-MM-dd,yyyy-MM-dd,2026-04-15,2026-04-01 13:54:10,,,,,,2026-04-09 09:10:48,2026-04-09 16:38:44,PP,01,-6:00,2,,,,CIP,,,,,,,00:00:00,CONTINENTAL GOLD LIMITED SUCURSAL C
00139,A02,CONTINENTAL GOLD LIMITED SUCURSAL C,PARTSERV            ,0045543,00,16,87043679,V-BELT                              ,3.00,0.087,0.261,P,DR,,,yyyy-MM-dd,yyyy-MM-dd,yyyy-MM-dd,yyyy-MM-dd,2026-04-15,2026-04-01 13:54:10,,,,,,2026-04-09 09:10:48,2026-04-09 16:38:44,PP,01,-6:00,2,,,,CIP,,,,,,,00:00:00,CONTINENTAL GOLD LIMITED SUCURSAL C
00139,A02,CONTINENTAL GOLD LIMITED SUCURSAL C,PARTSERV            ,0045543,00,17,BG00323824,OIL SEPARATOR                       ,12.00,0.430,5.160,P,DR,,,yyyy-MM-dd,yyyy-MM-dd,yyyy-MM-dd,yyyy-MM-dd,2026-04-15,2026-04-01 13:54:10,,,,,,2026-04-09 09:10:48,2026-04-09 16:38:44,PP,01,-6:00,2,,,,CIP,,,,,,,00:00:00,CONTINENTAL GOLD LIMITED SUCURSAL C
00139,A02,CONTINENTAL GOLD LIMITED SUCURSAL C,PARTSERV            ,0045543,00,18,BG00323815,OIL FILTER                          ,18.00,0.300,5.400,P,DR,,,yyyy-MM-dd,yyyy-MM-dd,yyyy-MM-dd,yyyy-MM-dd,2026-04-15,2026-04-01 13:54:10,,,,,,2026-04-09 09:10:48,2026-04-09 16:38:44,PP,01,-6:00,2,,,,CIP,,,,,,,00:00:00,CONTINENTAL GOLD LIMITED SUCURSAL C
DRP15,001,ARIS MINING SEGOVIA                ,PARTSERV            ,0045490,00,1,56002678,"VALVE, EXPANSION                    ",2.00,0.249,0.498,P,LT,,,yyyy-MM-dd,yyyy-MM-dd,yyyy-MM-dd,yyyy-MM-dd,2026-03-30,2026-03-30 17:03:32,,,,,,2026-04-09 17:29:18,2026-04-09 17:29:18,PP,01,-6:00,3,OT.TRANS,,,CIP,,,,,,,00:00:00,ARIS MINING SEGOVIA                
00139,A02,CONTINENTAL GOLD LIMITED SUCURSAL C,PARTSERV            ,0045401,01,14,04790082,SEAL                                ,8.00,0.001,0.008,P,LT,,,yyyy-MM-dd,yyyy-MM-dd,yyyy-MM-dd,yyyy-MM-dd,2026-03-30,2026-03-24 11:50:31,,,,,,2026-04-09 16:37:23,2026-04-09 16:37:24,PP,01,-6:00,2,,,,CIP,,,,,,,00:00:00,CONTINENTAL GOLD LIMITED SUCURSAL C
DRP15,001,ARIS MINING SEGOVIA                ,PARTSERV            ,0045375,01,24,56002678,"VALVE, EXPANSION                    ",1.00,0.249,0.249,P,LT,,,yyyy-MM-dd,yyyy-MM-dd,yyyy-MM-dd,yyyy-MM-dd,2026-03-20,2026-03-20 13:51:37,,,,,,2026-04-09 17:29:18,2026-04-09 17:29:18,PP,01,-6:00,3,OT.TRANS,,,CIP,,,,,,,00:00:00,ARIS MINING SEGOVIA                
DRP15,001,ARIS MINING SEGOVIA                ,PARTSERV            ,0045375,02,30,56027703,BEARING ASSEMBLY                    ,1.00,8.900,8.900,P,LT,,,yyyy-MM-dd,yyyy-MM-dd,yyyy-MM-dd,yyyy-MM-dd,2026-03-20,2026-03-20 13:51:37,,,,,,2026-04-10 07:34:19,2026-04-10 07:34:20,PP,01,-6:00,3,OT.TRANS,,,CIP,,,,,,,00:00:00,ARIS MINING SEGOVIA                
00139,A02,CONTINENTAL GOLD LIMITED SUCURSAL C,PARTSERV            ,0045347,00,36,33001698,SLIDE PIECE (NEW)                   ,12.00,0.290,3.480,P,DR,,,yyyy-MM-dd,yyyy-MM-dd,yyyy-MM-dd,yyyy-MM-dd,2026-04-15,2026-03-18 11:50:05,,,,,,2026-04-09 09:57:56,2026-04-09 16:38:31,PP,01,-6:00,2,,,,CIP,,,,,,,00:00:00,CONTINENTAL GOLD LIMITED SUCURSAL C
00139,A02,CONTINENTAL GOLD LIMITED SUCURSAL C,PARTSERV            ,0045347,00,38,73732156,PIN                                 ,2.00,0.001,0.002,P,DS,,,yyyy-MM-dd,yyyy-MM-dd,yyyy-MM-dd,yyyy-MM-dd,2026-04-15,2026-03-18 11:50:05,,,,,,2026-04-09 09:57:56,2026-04-09 16:38:31,PP,01,-6:00,2,,,,CIP,,,,,,,00:00:00,CONTINENTAL GOLD LIMITED SUCURSAL C
00139,A02,CONTINENTAL GOLD LIMITED SUCURSAL C,PARTSERV            ,0045347,00,19,BG00602884,HYDRAULIC MOTOR                     ,1.00,3.900,3.900,C,LT,,,yyyy-MM-dd,yyyy-MM-dd,yyyy-MM-dd,yyyy-MM-dd,2026-04-15,2026-03-18 11:50:04,,,,,,2026-04-09 09:57:56,2026-04-09 16:38:31,PP,01,-6:00,2,,,,CIP,,,,,,,00:00:00,CONTINENTAL GOLD LIMITED SUCURSAL C
00139,A02,CONTINENTAL GOLD LIMITED SUCURSAL C,PARTSERV            ,0045347,00,20,20796938,SHIM                                ,2.00,0.001,0.002,P,DR,,,yyyy-MM-dd,yyyy-MM-dd,yyyy-MM-dd,yyyy-MM-dd,2026-04-15,2026-03-18 11:50:04,,,,,,2026-04-09 09:57:56,2026-04-09 16:38:31,PP,01,-6:00,2,,,,CIP,,,,,,,00:00:00,CONTINENTAL GOLD LIMITED SUCURSAL C
00139,A02,CONTINENTAL GOLD LIMITED SUCURSAL C,PARTSERV            ,0045347,00,21,20795928,SHIM                                ,2.00,0.001,0.002,P,DR,,,yyyy-MM-dd,yyyy-MM-dd,yyyy-MM-dd,yyyy-MM-dd,2026-04-15,2026-03-18 11:50:04,,,,,,2026-04-09 09:57:56,2026-04-09 16:38:31,PP,01,-6:00,2,,,,CIP,,,,,,,00:00:00,CONTINENTAL GOLD LIMITED SUCURSAL C
00139,A02,CONTINENTAL GOLD LIMITED SUCURSAL C,PARTSERV            ,0045347,00,23,04696702,SENSOR                              ,2.00,0.087,0.174,P,LT,,,yyyy-MM-dd,yyyy-MM-dd,yyyy-MM-dd,yyyy-MM-dd,2026-04-15,2026-03-18 11:50:04,,,,,,2026-04-09 09:57:56,2026-04-09 16:38:31,PP,01,-6:00,2,,,,CIP,,,,,,,00:00:00,CONTINENTAL GOLD LIMITED SUCURSAL C
00139,A02,CONTINENTAL GOLD LIMITED SUCURSAL C,PARTSERV            ,0045347,00,24,70430531,SHIM                                ,8.00,0.029,0.232,P,DS,,,yyyy-MM-dd,yyyy-MM-dd,yyyy-MM-dd,yyyy-MM-dd,2026-04-15,2026-03-18 11:50:04,,,,,,2026-04-09 09:57:56,2026-04-09 16:38:31,PP,01,-6:00,2,,,,CIP,,,,,,,00:00:00,CONTINENTAL GOLD LIMITED SUCURSAL C
00139,A02,CONTINENTAL GOLD LIMITED SUCURSAL C,PARTSERV            ,0045347,00,25,56045189,DIRECTIONAL VALVE                   ,2.00,1.700,3.400,P,LT,,,yyyy-MM-dd,yyyy-MM-dd,yyyy-MM-dd,yyyy-MM-dd,2026-04-15,2026-03-18 11:50:04,,,,,,2026-04-09 09:57:56,2026-04-09 16:38:31,PP,01,-6:00,2,,,,CIP,,,,,,,00:00:00,CONTINENTAL GOLD LIMITED SUCURSAL C
00139,A02,CONTINENTAL GOLD LIMITED SUCURSAL C,PARTSERV            ,0045347,00,26,70180409,BUSHING                             ,2.00,0.120,0.240,P,DS,,,yyyy-MM-dd,yyyy-MM-dd,yyyy-MM-dd,yyyy-MM-dd,2026-04-15,2026-03-18 11:50:04,,,,,,2026-04-09 09:57:56,2026-04-09 16:38:31,PP,01,-6:00,2,,,,CIP,,,,,,,00:00:00,CONTINENTAL GOLD LIMITED SUCURSAL C
00139,A02,CONTINENTAL GOLD LIMITED SUCURSAL C,PARTSERV            ,0045347,00,27,06731342,LOCK                                ,3.00,0.790,2.370,P,LT,,,yyyy-MM-dd,yyyy-MM-dd,yyyy-MM-dd,yyyy-MM-dd,2026-04-15,2026-03-18 11:50:04,,,,,,2026-04-09 09:57:56,2026-04-09 16:38:31,PP,01,-6:00,2,,,,CIP,,,,,,,00:00:00,CONTINENTAL GOLD LIMITED SUCURSAL C
00139,A02,CONTINENTAL GOLD LIMITED SUCURSAL C,PARTSERV            ,0045347,00,29,73411215,SEAL                                ,3.00,0.010,0.030,P,DS,,,yyyy-MM-dd,yyyy-MM-dd,yyyy-MM-dd,yyyy-MM-dd,2026-04-15,2026-03-18 11:50:04,,,,,,2026-04-09 09:57:56,2026-04-09 16:38:31,PP,01,-6:00,2,,,,CIP,,,,,,,00:00:00,CONTINENTAL GOLD LIMITED SUCURSAL C
00139,A02,CONTINENTAL GOLD LIMITED SUCURSAL C,PARTSERV            ,0045347,00,30,88129179,"DIRECTIONAL VALVE, 3/2              ",2.00,0.159,0.318,P,DR,,,yyyy-MM-dd,yyyy-MM-dd,yyyy-MM-dd,yyyy-MM-dd,2026-04-15,2026-03-18 11:50:04,,,,,,2026-04-09 09:57:56,2026-04-09 16:38:31,PP,01,-6:00,2,,,,CIP,,,,,,,00:00:00,CONTINENTAL GOLD LIMITED SUCURSAL C
00139,A02,CONTINENTAL GOLD LIMITED SUCURSAL C,PARTSERV            ,0045347,00,31,BT00014006,BUSHING                             ,3.00,0.030,0.090,P,DS,,,yyyy-MM-dd,yyyy-MM-dd,yyyy-MM-dd,yyyy-MM-dd,2026-04-15,2026-03-18 11:50:04,,,,,,2026-04-09 09:58:22,2026-04-09 16:38:31,PP,01,-6:00,2,,,,CIP,,,,,,,00:00:00,CONTINENTAL GOLD LIMITED SUCURSAL C
00139,A02,CONTINENTAL GOLD LIMITED SUCURSAL C,PARTSERV            ,0045347,00,32,BG00752584,BUSHING                             ,1.00,1.120,1.120,P,DS,,,yyyy-MM-dd,yyyy-MM-dd,yyyy-MM-dd,yyyy-MM-dd,2026-04-15,2026-03-18 11:50:04,,,,,,2026-04-09 09:57:56,2026-04-09 16:38:31,PP,01,-6:00,2,,,,CIP,,,,,,,00:00:00,CONTINENTAL GOLD LIMITED SUCURSAL C
00139,A02,CONTINENTAL GOLD LIMITED SUCURSAL C,PARTSERV            ,0045347,00,35,80759069,VALVE                               ,2.00,0.050,0.100,P,DR,,,yyyy-MM-dd,yyyy-MM-dd,yyyy-MM-dd,yyyy-MM-dd,2026-04-15,2026-03-18 11:50:04,,,,,,2026-04-09 09:57:56,2026-04-09 16:38:31,PP,01,-6:00,2,,,,CIP,,,,,,,00:00:00,CONTINENTAL GOLD LIMITED SUCURSAL C
00139,A02,CONTINENTAL GOLD LIMITED SUCURSAL C,PARTSERV            ,0045278,02,91,AF00101126,"SCREW, HEXAGON HEAD, FULL THREAD    ",8.00,0.100,0.800,P,LT,,,yyyy-MM-dd,yyyy-MM-dd,yyyy-MM-dd,yyyy-MM-dd,2026-03-25,2026-03-13 13:13:13,,,,,,2026-04-09 16:37:04,2026-04-09 16:37:04,PP,01,-6:00,2,,,,CIP,,,,,,,00:00:00,CONTINENTAL GOLD LIMITED SUCURSAL C
00139,A02,CONTINENTAL GOLD LIMITED SUCURSAL C,PARTSERV            ,0045278,02,77,06575015,"NUT, HEXAGON                        ",20.00,0.220,4.400,P,LT,,,yyyy-MM-dd,yyyy-MM-dd,yyyy-MM-dd,yyyy-MM-dd,2026-03-25,2026-03-13 13:13:12,,,,,,2026-04-09 16:37:04,2026-04-09 16:37:04,PP,01,-6:00,2,,,,CIP,,,,,,,00:00:00,CONTINENTAL GOLD LIMITED SUCURSAL C
00139,A02,CONTINENTAL GOLD LIMITED SUCURSAL C,PARTSERV            ,0045278,02,34,70180419,BUSHING                             ,1.00,0.070,0.070,P,DS,,,yyyy-MM-dd,yyyy-MM-dd,yyyy-MM-dd,yyyy-MM-dd,2026-03-25,2026-03-13 13:13:11,,,,,,2026-04-09 16:37:04,2026-04-09 16:37:04,PP,01,-6:00,2,,,,CIP,,,,,,,00:00:00,CONTINENTAL GOLD LIMITED SUCURSAL C
00139,A02,CONTINENTAL GOLD LIMITED SUCURSAL C,PARTSERV            ,0045278,02,2,15271508,FRONT BEARING HDXX                  ,1.00,1.080,1.080,P,DR,,,yyyy-MM-dd,yyyy-MM-dd,yyyy-MM-dd,yyyy-MM-dd,2026-03-25,2026-03-13 13:13:10,,,,,,2026-04-09 16:37:04,2026-04-09 16:37:04,PP,01,-6:00,2,,,,CIP,,,,,,,00:00:00,CONTINENTAL GOLD LIMITED SUCURSAL C
00035,A01,ARIS MINING MARMATO S.A.S          ,PARTSERV            ,0045263,01,27,02986610,WINDOW                              ,2.00,9.200,18.400,P,LT,,,yyyy-MM-dd,yyyy-MM-dd,yyyy-MM-dd,yyyy-MM-dd,2026-04-10,2026-03-12 11:09:05,,,,,,2026-04-10 07:34:19,2026-04-10 07:34:19,PP,01,-6:00,2,,,,DDP,,,,,,,00:00:00,ARIS MINING MARMATO S.A.S          
00035,A01,ARIS MINING MARMATO S.A.S          ,PARTSERV            ,0045263,01,38,BG01331301,CAP                                 ,1.00,0.420,0.420,P,LT,,,yyyy-MM-dd,yyyy-MM-dd,yyyy-MM-dd,yyyy-MM-dd,2026-04-10,2026-03-12 11:09:05,,,,,,2026-04-10 07:34:19,2026-04-10 07:34:19,PP,01,-6:00,2,,,,DDP,,,,,,,00:00:00,ARIS MINING MARMATO S.A.S          
00034,A02,MINERA EL ROBLE SA                 ,PARTSERV            ,0045228,01,1,88259169,LEVER ASSY                          ,1.00,0.550,0.550,P,DR,,,yyyy-MM-dd,yyyy-MM-dd,yyyy-MM-dd,yyyy-MM-dd,2026-04-10,2026-03-10 11:14:56,,,,,,2026-04-09 17:29:17,2026-04-09 17:29:18,PP,01,-6:00,2,,,,CIP,,,,,,,00:00:00,MINERA EL ROBLE SA                 
00325,A01,OPERACIONES Y EXPLOTACIONES MINERAS,PARTSERV            ,0045218,02,1,88597209,TEMPERATURE SENSOR                  ,1.00,0.068,0.068,P,DR,,,yyyy-MM-dd,yyyy-MM-dd,yyyy-MM-dd,yyyy-MM-dd,2026-04-10,2026-03-10 09:57:52,,,,,,2026-04-09 17:29:17,2026-04-09 17:29:17,PP,01,-6:00,2,,,,EXW,,,,,,,00:00:00,OPERACIONES Y EXPLOTACIONES MINERAS
00139,A02,CONTINENTAL GOLD LIMITED SUCURSAL C,PARTSERV            ,0045156,01,22,29605313,"PIN, CLEVIS                         ",2.00,21.500,43.000,P,LT,,,yyyy-MM-dd,yyyy-MM-dd,yyyy-MM-dd,yyyy-MM-dd,2026-03-09,2026-03-04 10:47:10,,,,,,2026-04-09 16:36:13,2026-04-09 16:36:14,PP,01,-6:00,2,,,,CIP,,,,,,,00:00:00,CONTINENTAL GOLD LIMITED SUCURSAL C
00139,A02,CONTINENTAL GOLD LIMITED SUCURSAL C,PARTSERV            ,0045156,01,23,29605315,FLANGE                              ,2.00,6.300,12.600,P,LT,,,yyyy-MM-dd,yyyy-MM-dd,yyyy-MM-dd,yyyy-MM-dd,2026-03-09,2026-03-04 10:47:10,,,,,,2026-04-09 16:36:14,2026-04-09 16:36:14,PP,01,-6:00,2,,,,CIP,,,,,,,00:00:00,CONTINENTAL GOLD LIMITED SUCURSAL C
00139,A02,CONTINENTAL GOLD LIMITED SUCURSAL C,PARTSERV            ,0045156,01,25,55016284,HEXAGON SOCKET HEAD BOLT (HALF THR  ,44.00,0.610,26.840,P,LT,,,yyyy-MM-dd,yyyy-MM-dd,yyyy-MM-dd,yyyy-MM-dd,2026-03-09,2026-03-04 10:47:10,,,,,,2026-04-09 16:36:14,2026-04-09 16:36:14,PP,01,-6:00,2,,,,CIP,,,,,,,00:00:00,CONTINENTAL GOLD LIMITED SUCURSAL C
00139,A02,CONTINENTAL GOLD LIMITED SUCURSAL C,PARTSERV            ,0045156,01,26,29605242,FLANGE                              ,1.00,4.220,4.220,P,LT,,,yyyy-MM-dd,yyyy-MM-dd,yyyy-MM-dd,yyyy-MM-dd,2026-03-09,2026-03-04 10:47:10,,,,,,2026-04-09 16:36:14,2026-04-09 16:36:14,PP,01,-6:00,2,,,,CIP,,,,,,,00:00:00,CONTINENTAL GOLD LIMITED SUCURSAL C
00139,A02,CONTINENTAL GOLD LIMITED SUCURSAL C,PARTSERV            ,0045156,01,27,AF00500500,"SCREW, SOCKET HEAD, HEXAGON         ",24.00,0.027,0.648,P,DR,,,yyyy-MM-dd,yyyy-MM-dd,yyyy-MM-dd,yyyy-MM-dd,2026-03-09,2026-03-04 10:47:10,,,,,,2026-04-09 16:36:14,2026-04-09 16:36:14,PP,01,-6:00,2,,,,CIP,,,,,,,00:00:00,CONTINENTAL GOLD LIMITED SUCURSAL C
00139,A02,CONTINENTAL GOLD LIMITED SUCURSAL C,PARTSERV            ,0045156,01,28,14125318,SLEEVE                              ,16.00,0.080,1.280,P,DR,,,yyyy-MM-dd,yyyy-MM-dd,yyyy-MM-dd,yyyy-MM-dd,2026-03-09,2026-03-04 10:47:10,,,,,,2026-04-09 16:36:14,2026-04-09 16:36:14,PP,01,-6:00,2,,,,CIP,,,,,,,00:00:00,CONTINENTAL GOLD LIMITED SUCURSAL C
00139,A02,CONTINENTAL GOLD LIMITED SUCURSAL C,PARTSERV            ,0045156,01,29,BG00797613,SPRING                              ,2.00,0.280,0.560,P,LT,,,yyyy-MM-dd,yyyy-MM-dd,yyyy-MM-dd,yyyy-MM-dd,2026-03-09,2026-03-04 10:47:10,,,,,,2026-04-09 16:36:14,2026-04-09 16:36:14,PP,01,-6:00,2,,,,CIP,,,,,,,00:00:00,CONTINENTAL GOLD LIMITED SUCURSAL C
00139,A02,CONTINENTAL GOLD LIMITED SUCURSAL C,PARTSERV            ,0045156,01,30,BG00742492,"RING, RETAINING                     ",2.00,0.020,0.040,P,LT,,,yyyy-MM-dd,yyyy-MM-dd,yyyy-MM-dd,yyyy-MM-dd,2026-03-09,2026-03-04 10:47:10,,,,,,2026-04-09 16:36:14,2026-04-09 16:36:14,PP,01,-6:00,2,,,,CIP,,,,,,,00:00:00,CONTINENTAL GOLD LIMITED SUCURSAL C
00139,A02,CONTINENTAL GOLD LIMITED SUCURSAL C,PARTSERV            ,0045156,01,31,56020344,PISTON RING                         ,6.00,0.010,0.060,P,LT,,,yyyy-MM-dd,yyyy-MM-dd,yyyy-MM-dd,yyyy-MM-dd,2026-03-09,2026-03-04 10:47:10,,,,,,2026-04-09 16:36:14,2026-04-09 16:36:14,PP,01,-6:00,2,,,,CIP,,,,,,,00:00:00,CONTINENTAL GOLD LIMITED SUCURSAL C
00139,A02,CONTINENTAL GOLD LIMITED SUCURSAL C,PARTSERV            ,0045156,01,32,04696993,WAVE SPRING RETAINER                ,2.00,0.060,0.120,P,LT,,,yyyy-MM-dd,yyyy-MM-dd,yyyy-MM-dd,yyyy-MM-dd,2026-03-09,2026-03-04 10:47:10,,,,,,2026-04-09 16:36:14,2026-04-09 16:36:14,PP,01,-6:00,2,,,,CIP,,,,,,,00:00:00,CONTINENTAL GOLD LIMITED SUCURSAL C
00139,A02,CONTINENTAL GOLD LIMITED SUCURSAL C,PARTSERV            ,0045156,01,35,04691002,RING RETAINER                       ,2.00,0.030,0.060,P,LT,,,yyyy-MM-dd,yyyy-MM-dd,yyyy-MM-dd,yyyy-MM-dd,2026-03-09,2026-03-04 10:47:10,,,,,,2026-04-09 16:36:14,2026-04-09 16:36:14,PP,01,-6:00,2,,,,CIP,,,,,,,00:00:00,CONTINENTAL GOLD LIMITED SUCURSAL C
00139,A02,CONTINENTAL GOLD LIMITED SUCURSAL C,PARTSERV            ,0045156,01,1,64400268,BEARING CUP                         ,3.00,0.500,1.500,P,LE,,,yyyy-MM-dd,yyyy-MM-dd,yyyy-MM-dd,yyyy-MM-dd,2026-03-09,2026-03-04 10:47:09,,,,,,2026-04-09 07:30:45,2026-04-09 16:36:14,PP,01,-6:00,2,,,,CIP,,,,,,,00:00:00,CONTINENTAL GOLD LIMITED SUCURSAL C
00139,A02,CONTINENTAL GOLD LIMITED SUCURSAL C,PARTSERV            ,0045156,01,2,04700590,SHIM  (.004)                        ,3.00,0.001,0.003,P,LT,,,yyyy-MM-dd,yyyy-MM-dd,yyyy-MM-dd,yyyy-MM-dd,2026-03-09,2026-03-04 10:47:09,,,,,,2026-04-09 16:36:13,2026-04-09 16:36:14,PP,01,-6:00,2,,,,CIP,,,,,,,00:00:00,CONTINENTAL GOLD LIMITED SUCURSAL C
00139,A02,CONTINENTAL GOLD LIMITED SUCURSAL C,PARTSERV            ,0045156,01,3,04697637,BEARING SINGLE ROW RADIAL BALL 72M  ,2.00,0.320,0.640,P,LT,,,yyyy-MM-dd,yyyy-MM-dd,yyyy-MM-dd,yyyy-MM-dd,2026-03-09,2026-03-04 10:47:09,,,,,,2026-04-09 16:36:13,2026-04-09 16:36:14,PP,01,-6:00,2,,,,CIP,,,,,,,00:00:00,CONTINENTAL GOLD LIMITED SUCURSAL C
00139,A02,CONTINENTAL GOLD LIMITED SUCURSAL C,PARTSERV            ,0045156,01,4,04699248,TUBE                                ,2.00,0.001,0.002,P,LT,,,yyyy-MM-dd,yyyy-MM-dd,yyyy-MM-dd,yyyy-MM-dd,2026-03-09,2026-03-04 10:47:09,,,,,,2026-04-09 16:36:13,2026-04-09 16:36:14,PP,01,-6:00,2,,,,CIP,,,,,,,00:00:00,CONTINENTAL GOLD LIMITED SUCURSAL C
00139,A02,CONTINENTAL GOLD LIMITED SUCURSAL C,PARTSERV            ,0045156,01,5,04694169,HUB                                 ,2.00,3.993,7.986,P,LT,,,yyyy-MM-dd,yyyy-MM-dd,yyyy-MM-dd,yyyy-MM-dd,2026-03-09,2026-03-04 10:47:09,,,,,,2026-04-09 16:36:13,2026-04-09 16:36:14,PP,01,-6:00,2,,,,CIP,,,,,,,00:00:00,CONTINENTAL GOLD LIMITED SUCURSAL C
00139,A02,CONTINENTAL GOLD LIMITED SUCURSAL C,PARTSERV            ,0045156,01,7,85544399,CONTACTOR                           ,6.00,0.450,2.700,P,DR,,,yyyy-MM-dd,yyyy-MM-dd,yyyy-MM-dd,yyyy-MM-dd,2026-03-09,2026-03-04 10:47:09,,,,,,2026-04-09 16:36:13,2026-04-09 16:36:14,PP,01,-6:00,2,,,,CIP,,,,,,,00:00:00,CONTINENTAL GOLD LIMITED SUCURSAL C
00139,A02,CONTINENTAL GOLD LIMITED SUCURSAL C,PARTSERV            ,0045156,01,9,BG00658616,FLANGE                              ,1.00,4.410,4.410,P,LT,,,yyyy-MM-dd,yyyy-MM-dd,yyyy-MM-dd,yyyy-MM-dd,2026-03-09,2026-03-04 10:47:09,,,,,,2026-04-09 16:36:13,2026-04-09 16:36:14,PP,01,-6:00,2,,,,CIP,,,,,,,00:00:00,CONTINENTAL GOLD LIMITED SUCURSAL C
00139,A02,CONTINENTAL GOLD LIMITED SUCURSAL C,PARTSERV            ,0045156,01,12,02794180,FLANGE                              ,2.00,6.200,12.400,P,LT,,,yyyy-MM-dd,yyyy-MM-dd,yyyy-MM-dd,yyyy-MM-dd,2026-03-09,2026-03-04 10:47:09,,,,,,2026-04-09 16:36:13,2026-04-09 16:36:14,PP,01,-6:00,2,,,,CIP,,,,,,,00:00:00,CONTINENTAL GOLD LIMITED SUCURSAL C
00139,A02,CONTINENTAL GOLD LIMITED SUCURSAL C,PARTSERV            ,0045156,01,16,02943710,COVER                               ,2.00,4.880,9.760,P,LT,,,yyyy-MM-dd,yyyy-MM-dd,yyyy-MM-dd,yyyy-MM-dd,2026-03-09,2026-03-04 10:47:09,,,,,,2026-04-09 16:36:13,2026-04-09 16:36:14,PP,01,-6:00,2,,,,CIP,,,,,,,00:00:00,CONTINENTAL GOLD LIMITED SUCURSAL C
00139,A02,CONTINENTAL GOLD LIMITED SUCURSAL C,PARTSERV            ,0045156,01,21,29605338,FLANGE                              ,4.00,2.020,8.080,P,LT,,,yyyy-MM-dd,yyyy-MM-dd,yyyy-MM-dd,yyyy-MM-dd,2026-03-09,2026-03-04 10:47:09,,,,,,2026-04-09 16:36:13,2026-04-09 16:36:14,PP,01,-6:00,2,,,,CIP,,,,,,,00:00:00,CONTINENTAL GOLD LIMITED SUCURSAL C
00093,A01,ARIS MINING SEGOVIA                ,PARTSERV            ,0045042,04,2,BG00933368,"HOSE, AIR                           ",2.00,0.900,1.800,P,LT,,,yyyy-MM-dd,yyyy-MM-dd,yyyy-MM-dd,yyyy-MM-dd,2026-02-27,2026-02-23 14:42:00,,,,,,2026-04-07 16:32:26,2026-04-07 16:32:26,PP,01,-6:00,2,,,,CIP,,,,,,,00:00:00,ARIS MINING SEGOVIA                
00139,A02,CONTINENTAL GOLD LIMITED SUCURSAL C,PARTSERV            ,0044930,02,2,56043217,PLANET GEAR                         ,4.00,1.380,5.520,P,LT,,,yyyy-MM-dd,yyyy-MM-dd,yyyy-MM-dd,yyyy-MM-dd,2026-02-18,2026-02-12 10:20:53,,,,,,2026-04-09 16:35:50,2026-04-09 16:35:50,PP,01,-6:00,2,,,,CIP,,,,,,,00:00:00,CONTINENTAL GOLD LIMITED SUCURSAL C
INTBG,QA1,BRANCH BOGOTA                      ,PARTSERV            ,0044710,01,1,BG00339706,ENGINE  LH307 VOLVO TIER III        ,1.00,707.000,707.000,C,LT,,,yyyy-MM-dd,yyyy-MM-dd,yyyy-MM-dd,yyyy-MM-dd,2026-01-30,2026-01-27 10:11:07,,,,,,2026-04-10 08:34:24,2026-04-10 08:34:25,PP,01,-6:00,2,,,,CIP,,,,,,,00:00:00,SANDVIK COLOMBIA - BOGOTA BRANCH   
00139,A02,CONTINENTAL GOLD LIMITED SUCURSAL C,PARTSERV            ,0044394,06,5,86762379,HYDR.MOTOR                          ,1.00,20.480,20.480,C,DR,,,yyyy-MM-dd,yyyy-MM-dd,yyyy-MM-dd,yyyy-MM-dd,2026-03-06,2025-12-26 11:46:32,,,,,,2026-04-09 16:35:32,2026-04-09 16:35:33,PP,01,-6:00,2,,,,CIP,,,,,,,00:00:00,CONTINENTAL GOLD LIMITED SUCURSAL C
00139,A02,CONTINENTAL GOLD LIMITED SUCURSAL C,PARTSERV            ,0043493,13,84,BR00079548,BOOM LIFT CYL                       ,1.00,113.000,113.000,C,JD,,,yyyy-MM-dd,yyyy-MM-dd,yyyy-MM-dd,yyyy-MM-dd,2026-03-06,2025-10-10 13:09:53,,,,,,2026-04-09 16:35:08,2026-04-09 16:35:08,PP,01,-6:00,2,,,,CIP,,,,,,,00:00:00,CONTINENTAL GOLD LIMITED SUCURSAL C
00139,A02,CONTINENTAL GOLD LIMITED SUCURSAL C,PARTSERV            ,0043493,13,37,BG01555289,SLEEVE                              ,1.00,0.510,0.510,P,LT,,,yyyy-MM-dd,yyyy-MM-dd,yyyy-MM-dd,yyyy-MM-dd,2026-03-06,2025-10-10 13:09:52,,,,,,2026-04-09 16:35:08,2026-04-09 16:35:08,PP,01,-6:00,2,,,,CIP,,,,,,,00:00:00,CONTINENTAL GOLD LIMITED SUCURSAL C
00139,A02,CONTINENTAL GOLD LIMITED SUCURSAL C,PARTSERV            ,0043076,17,85,BR00077659,JACK_CYLINDER-TELESCOPE             ,1.00,27.362,27.362,C,JD,,,yyyy-MM-dd,yyyy-MM-dd,yyyy-MM-dd,yyyy-MM-dd,2026-03-06,2025-09-03 16:33:49,,,,,,2026-04-09 16:34:43,2026-04-09 16:34:43,PP,01,-6:00,2,,,,CIP,,,,,,,00:00:00,CONTINENTAL GOLD LIMITED SUCURSAL C
00139,A02,CONTINENTAL GOLD LIMITED SUCURSAL C,PARTSERV            ,0043076,17,97,BR00079546,FEED LIFT CYL-NORMAL ENVIRONMENT    ,1.00,53.000,53.000,C,JD,,,yyyy-MM-dd,yyyy-MM-dd,yyyy-MM-dd,yyyy-MM-dd,2026-03-06,2025-09-03 16:33:49,,,,,,2026-04-09 16:34:43,2026-04-09 16:34:43,PP,01,-6:00,2,,,,CIP,,,,,,,00:00:00,CONTINENTAL GOLD LIMITED SUCURSAL C
00139,A02,CONTINENTAL GOLD LIMITED SUCURSAL C,PARTSERV            ,0043076,17,99,BR00076806,BOOM SWING CYL-NORMAL ENVIRONMENT   ,1.00,26.000,26.000,C,JD,,,yyyy-MM-dd,yyyy-MM-dd,yyyy-MM-dd,yyyy-MM-dd,2026-03-06,2025-09-03 16:33:49,,,,,,2026-04-09 16:34:43,2026-04-09 16:34:43,PP,01,-6:00,2,,,,CIP,,,,,,,00:00:00,CONTINENTAL GOLD LIMITED SUCURSAL C
00139,A02,CONTINENTAL GOLD LIMITED SUCURSAL C,PARTSERV            ,0043076,17,109,BG01555701,"CONTROL PANEL, THC561               ",2.00,4.300,8.600,P,JD,,,yyyy-MM-dd,yyyy-MM-dd,yyyy-MM-dd,yyyy-MM-dd,2026-03-06,2025-09-03 16:33:49,,,,,,2026-04-09 16:34:43,2026-04-09 16:34:43,PP,01,-6:00,2,,,,CIP,,,,,,,00:00:00,CONTINENTAL GOLD LIMITED SUCURSAL C
00024,E02,HOLCIM (COLOMBIA) SA               ,ROTO_TOT            ,0042545,00,1,7610-1143-85,MF ROD GT60 R60 MTL L=4265MM        ,4.00,86.000,344.000,T,TH,,,yyyy-MM-dd,yyyy-MM-dd,yyyy-MM-dd,yyyy-MM-dd,2026-04-30,2025-07-24 15:15:36,,,,,,2026-04-10 10:42:04,2026-04-10 10:42:04,PP,01,-6:00,2,,,,DDP,,,,,,,00:00:00,HOLCIM (COLOMBIA) SA               
00139,A02,CONTINENTAL GOLD LIMITED SUCURSAL C,PARTSERV            ,0042446,23,8,56014830,CONNECTOR                           ,2.00,0.060,0.120,P,LT,,,yyyy-MM-dd,yyyy-MM-dd,yyyy-MM-dd,yyyy-MM-dd,2025-10-22,2025-07-17 13:19:22,,,,,,2026-04-09 16:34:18,2026-04-09 16:34:18,PP,01,-6:00,2,,,,CIP,,,,,,,00:00:00,CONTINENTAL GOLD LIMITED SUCURSAL C

